"id","label","type"
"1","xmd-s001-000-001-510","story"
"2","[1510] Werwolf","story"
"3","Man macht einen Werwolf wieder zum Menschen, indem man ihn beim Taufnahmen ruft: Ein Mann ging einmal zu seinem Nachbar, dessen Tochter allein zu Hause war. Sie hatte zwei Riemen, nach deren Verwendung er fragte. Ihrer Erwiderung daß ihr Vater u. ihre Mutter sich die Riemen umschnallten u. dann zu Wölfen würden, wollte er keinen Glauben schenken. Da schnallte die Tochter sich einen der Riemen um. Plötzlich stand ein Wolf vor ihm, der auf ihn eindrang. Da er sich nicht anders retten konnte, sprang er schnell die Leiter aufwärts u. gelangte auf den Boden, während der Wolf unten stand u. ihm die Zähne wies. Da rief er von oben mehrere Namen, bis er ihren Taufnahmen traf. Nun stand sie wieder als Mädchen vor ihm. Er fragte: worüm deedst du dat? Sie antwortete: O, ik lacht mi man, dat hei so bang vör mi wier.","content"
"4","100001647","place"
"5","Laupin","place"
"6","53.25098","place"
"7","11.24449","place"
"8","narration","place"
"9","Ernst Pegel","person male contributor"
"12","Lehrer","person male contributor"
"13","Kind","keyword"
"14","Werwolf","keyword"
"15","Wolfsriemen","keyword"
"16","Tochter","keyword"
"17","Name","keyword"
"18","Riemen","keyword"
"19","Verwandlung, Werwolf","keyword"
"20","werewolf","keyword"
"21","Benutzung des Wolfsriemens durch Kinder","keyword"
"22","Use of the wolf strap by children","keyword"
"23","xmd-s001-000-010-698","story"
"24","[10698] Benutzung des Wolfriemens durch Kinder","story"
"25","Sünt alle in stuv<br>
räden von wulf…<br>
ja, he künn dat un se süllen de<br>
ledder na sik trecken<br>

Sophie Brüdigam Bartelshagen 27.12.12","content"
"26","Sind alle in der Stube<br>
Reden über den Wolf<br>
Ja, er könne das und sie sollen die <br>
Leiter nach sich ziehen<br>
Sophie Brüdigam Bartelshagen 27.12.12","content"
"27","100000149","place"
"28","Bartelshagen","place"
"29","53.81628","place"
"30","12.46113","place"
"31","Sophie Brüdigam","person female narrator"
"34","Haus","keyword"
"35","Werwolf im Haus","keyword"
"36","Werewolf in the house","keyword"
"37","xmd-s001-000-010-662","story"
"38","[10662] Werwolf: Die reichliche Mahlzeit","story"
"39","Hett sik wulfsreim <br>
umsnallt <br>
hett ganz fahlen upfräten <br>
Röbel <br>
04.07.1912","content"
"40","Hat sich einen Wolfsriemen umgeschnallt <br>
Hat ein ganzes Fohlen aufgefressen <br>
Röbel <br>
04.07.1912","content"
"41","100002379","place"
"42","Röbel/Müritz","place"
"43","53.37545","place"
"44","12.60559","place"
"45","Ebel","person male narrator"
"48","100002933","place"
"49","Vipperow","place"
"50","53.32767","place"
"51","12.68949","place"
"52","Mahlzeit","keyword"
"53","Die reichliche Mahlzeit","keyword"
"54","The ample meal","keyword"
"55","xmd-s001-000-010-686","story"
"56","[10686] Der Ehemann als Werwolf","story"
"57","En Buer het ne oll fru hatt <br>
de het hexen kunnt (?) <br>
He führt ens an’t ohr, seggt ehr, <br>
wenn ‘n wulf kummt <br>
sall se en god afwehren <br>
sall ‘n handdok sik tohop drellen. <br>
Fru führt ens mit knecht to stadt <br>
dor kümmt ‘n worwulf an <br>
kladdert rup up ‘n wagen <br>
se nimmt den handdok <br>
un sleiht den wulf <br>
dat an de fasen an mul<br> 
slagen … <br>
dor ward se ingedenks (dat dat wol ehr Mann wir) <br>
un röppt [our?] vadern, <br>
dor steiht ehr mann dor. <br>
(künnt hebben se nich anners <br>
Se hebben musst. <br>
de welt is so rachles wäst <br>
nu is soväl macht nich mehr <br>
wohrheiten sünd dat.) <br>
F Klänh. [Klänhammer] Bartelshagen
1895","content"
"58","100010109","place"
"59","54.18406","place"
"60","12.43056","place"
"61","Klänhammer","person female narrator"
"64","Ehemann","keyword"
"65","Der Ehemann als Werwolf","keyword"
"66","The husband as werewolf","keyword"
"67","xmd-s001-000-010-670","story"
"68","[10670] Werwolf: Die reichliche Mahlzeit","story"
"69","manns in holt – <br>
middagstuun <br>
hebben middagslap – <br>
haalt sik reimen ut de kiep – <br>
vertehrt ’n ganz fahlen – <br>
Een hett dat sehn <br>
dee hett den reem verstaken – <br>
x redit – Mi is so slecht – <br>
De sall wol slecht sein – <br>
de anner <br>
will ’n reem ruthalen <br>
findt em nich. <br>

Sophie Brüdigam Bartelshagen <br>
27.12.1912","content"
"70","Männer im Wald <br>
Mittagsstunde <br>
Machen Mittagsschlaf <br>
Holt sich [einen] Riemen aus dem Korb <br>
Verzehrt ein ganzes Fohlen <br>
Einer hat das gesehen, <br>
der hat den Riemen versteckt <br>
X redit: Mir ist so schlecht <br>
Dir soll wohl schlecht sein <br>
Der Andere will den Riemen rausholen, <br>
findet ihn nicht. <br>

Sophie Brüdigam Bartelshagen <br>
27.12.1912","content"
"74","xmd-s001-000-001-908","story"
"75","[1908] Werwolf: Die reichliche Mahlzeit","story"
"76","De Werwulw<br>
In Broock bi Lübz sällen mal ins drei Holthaugers west sin, de hebben tausammen in’n Fahrenhorst Holt haugt. De een von disse sall sik ümmer in’n Werwulw verwandelt hebben – so hebben wek van de Lüd seggt. As dat nu Middagstid is, seggt de, von den de Lüd ümmer allerhand Geschichten vertellt hebben, sei müchten sik doch beten henleggen un slapen. Dat hebben sei denn ok dan, aewer de een hett blos so dan, as wenn he slöp – un dunn hett de anner denn den Wulwsreimen afsmeten un is dunn’n Werwulw west. Dunn is he nah de Wiesch lopen un het do ‘n Fahlen upfreten un as he dunn den Reimen wedder ümsnallt hett, is he wedder ‘n Minsch west. As sei nu nahstens nah Hus gan will’n, seggt disse Mann, dat em de Buk weih deit. Dunn het em de, de dat sein hett, dat he dat Fahlen upfreten hett, seggt: Dat will’k wol glöwen, denn wenn eener ‘n Pierd mit Huut un Hooren in Liw hett, is dat keen Wunner. Dunn hett de anner seggt: Harst du mi dit in’n Holt seggt, denn harrst du mi dit nu nich mihr seggt, denn dor harr ‘k di ok upfreten.<br>
Gewährsmann: Schmiedemeister Krogmann in Broock bei Lübz.<br>
Richard Brauer, Sekretär, Heiligendamm.","content"
"77","Der Werwolf <br>
In Broock bei Lübz sollen mal drei Holzfäller gewesen sein, die haben zusammen in Fahrenhorst Holz gefällt. Der eine von ihnen soll sich immer in einen Werwolf verwandelt haben – so haben welche erzählt. Als es nun Zeit für das Mittagessen wurde, sagt der, über den die Leute immer allerhand Geschichten erzählten, sie sollten sich mal hinlegen und schlafen. Das haben sie auch gemacht, aber der eine hat bloß so getan, als würde er schlafen -  und dann hat der andere den Wolfsriemen abgelegt und wurde daraufhin zum Werwolf. Anschließend lief er zur Wiese und fraß ein Fohlen auf und als er sich dann den Riemen wieder umschnallte, wurde er wieder zu einem Menschen. Als sie nun bald nach Haus gehen wollten, sagt der betroffene Mann, dass ihm der Bauch weh tue. Dann hat der, der gesehen hatte, wie er das Fohlen auffraß, gesagt: Das glaube ich wohl, denn wenn jemand ein Pferd mit Haut und Haaren im Leib (Magen) hat, ist das kein Wunder. Daraufhin hat der andere gesagt: Hättest du mir das im Wald gesagt, dann könntest du mir das jetzt nicht mehr sagen, denn dann hätte ich dich dort auch aufgefressen.","content"
"78","100001114","place"
"79","Heiligendamm","place"
"80","54.14211","place"
"81","11.84139","place"
"82","Richard Brauer","person male contributor"
"85","Sekretär","person male contributor"
"86","xmd-s001-000-010-655","story"
"87","[10655] Werwolf: Selbstverwandlung durch Zaubermittel","story"
"88","Laupien<br>
Sieht Riemen auf Feldwege liegen ([so einen] um (Hose?) zu befestigen) hebt ihn auf, [da sagt eine] Frau: <br>

Ik heff em ok liggen sehn, öwer ik<br>
dachts wer weit wat det mennigmal is<br>

Laupien 1898<br>
Pegel 4,5","content"
"89","Laupien <br>
Sieht Riemen auf Feldwege liegen ([so einen] um (Hose?) zu befestigen) hebt ihn auf, [da sagt eine] Frau: <br>

Ich habe den auch liegen gesehen, aber ich
dachte, wer weiß was das manchmal ist. <br>
Laupien 1898 <br>
Pegel 4,5","content"
"94","Zaubermittel","keyword"
"95","Selbstverwandlung in die Wolfsgestalt durch Zaubermittel","keyword"
"96","Self-transformation into the wolf form by means of magic","keyword"
"97","xmd-s001-000-010-705","story"
"98","[10705] Werwolf: Verwandlung in einen Bären","story"
"99","Offizier als Bär
Von 1899-1901 war mein Großvater Soldat in der Garnison Krotoschin in der Provinz Posen, Füselier Regiment von Steinmetz Westpfälisches Nr. 37 in der 4. Kompanie. Wie die 4. Kompanie auf Wache zog, sagte der Kompanieführer Kerls, auf dem großen Schießstand spuckt es, laß euch aber nicht in Boxhorn jagen. Denn da sind schon viele Posten ausgerissen. Und dann eingespert worden wegen Wachvergehen. Da hatte die 4. Kompanie einen Schuster der mußte Nachtwache auf diesen großen Schießstand machen. Das war ein Patrolierposten. Wie der Schuster nun los ging, kam er an ein Brückengelände. Da ging ein Bär auf dem Brückengelände, da rief der Posten den Bär an mit 3 mal haltwerda. Der Bär kümmerte sich um das erste Rufen nicht, der Posten machte sein Gewehr fertig. Um den zweiten Ruf kümmerte er sich auch nicht. Der Schuster machte sich zum Schuß bereit, er rief zum dritten mal. Wieder meldete der Bär sich nicht, da ……. schoß der Schuster auf den Bär und traf ihn so, daß er abstürzte von dem Brückengelände und tot war. Wie der Schuster rankam, war das der Offizir vom Ortsdienst. Der hatte eine Bärenhaut übergezogen. Der Schuster bekam eine große Belohnung vom Regiment. Somit hatte sich der Spuck aufgeklärt. <br>

Gerhard Wilken Völkshagen","content"
"100","100002946","place"
"101","Völkshagen","place"
"102","54.15961","place"
"103","12.39029","place"
"104","Gerhard Wilken","person male narrator"
"107","Bär","keyword"
"108","Verwandlung in einen Bären","keyword"
"109","Transformation in a bear","keyword"
"110","xmd-s001-000-001-512","story"
"111","[1512] Werwolf","story"
"112","Früher wurden Leuten in Laupin immer Tiere von der Weide gestohlen. Sie hatten verschiedentlich bemerkt, daß es die Wölfe thaten. Einmal zeigte sich wieder ein Wolf, dessen Verfolgung sofort von einer großen Zahl von Menschen aufgenommen wurde, die ihn so in die Enge trieben, daß er ihnen nicht mehr entgehen konnte. Da lief er über das Ufer der Rögnitz, als wollte er durch das Wasser schwimmen. Als die Leute aber dorthin kamen, saß eine Frau am Ufer u. wusch ihre Füße.","content"
"113","action","place"
"118","angeschossen","keyword"
"119","Ufer","keyword"
"120","Frau","keyword"
"121","Der angeschossene Werwolf","keyword"
"122","The shot werewolf","keyword"
"123","xmd-s001-000-010-669","story"
"124","[10669] Werwolf: Die reichliche Mahlzeit","story"
"125","Dre daglohners hebb grawt <br>
de een secht <br>
den lütten fetten fahlen <br>
den möchte ik wol hebben, <br>
de een – <br>
he beert (man ev) as wun he slapen <br>
deiht – <br>
kricht sik den fahlen <br>
bi de uhren <br>
licht sik hen to slap <br>
jammert <br>
hett ev (?) wat wehdag? <br>
– het? <br>
remen durchsnäten in dree enns <br>
un in de buttkiep staken <br>
du kannst wol sleicht wäsen <br>

Frau Wulff, Arbeiterfrau in Wittenburg 1898","content"
"126","Drei Tagelöhner haben gegraben, <br>
da sagt der eine: <br>
das kleine, fette Fohlen, <br>
dass hätte ich gerne. <br>
Der eine, der tut nur so als würde er schlafen <br>
Packt das Fohlen bei den Ohren <br>
Legt sich zum schlafen hin <br>
Jammert. <br>
Tut der Leib weh? <br>
Hat? <br>
Riemen in drei Teile geschnitten <br>
Und in einen Butterkorb gesteckt <br>
Du kannst wohl schlecht gewesen sein","content"
"127","100003105","place"
"128","Wittenburg","place"
"129","53.51208","place"
"130","11.0717","place"
"131","Wulff","person female narrator"
"134","xmd-s001-000-010-680","story"
"135","[10680] Der angeschossene Werwolf","story"
"136","ok de worwulf <br>
ward dörch dat scheeten von’t huus afhollen <br>
– de het ok ni de 12. sien tiet. <br>
Loosener 7,5 <br>
Lehrer W. Sass 1898","content"
"137","Auch der Werwolf <br>
wurde durch das Schießen vom Haus ferngehalten<br>
Der hat auch um 12 Uhr rum seine Zeit.<br>
Loosener 7,5<br>
Lehrer W. Sass 1898","content"
"138","100001713","place"
"139","Loosen","place"
"140","53.2982","place"
"141","11.2731","place"
"142","W. Saß","person male contributor"
"146","100001739","place"
"147","Lübtheener Gegend","place"
"148","53.30236","place"
"149","11.08338","place"
"150","xmd-s001-000-010-708","story"
"151","[10708] Werwolf: Verwandlung in einen Bären","story"
"152","Heft L. Gehrtz Lübtheen 7.3.23<br>
(ähnl. wie meine Sage) (sl) <br>
Mädchen vermietet sich bei Bauern<br>
Aber sie wolle nicht melken. Einmal (?)<br>
Bauer solle melken. Facit: 3 ½ Eimer voll<br>
Un kommt all bloot. Min broder<br>
Kann noch mihr ton boren maken<br>
Moost up desch springen","content"
"153","100001737","place"
"154","Lübtheen","place"
"155","W. Gehrtz","person male narrator"
"158","xmd-s001-000-010-685","story"
"159","[10685] Der Ehemann als Werwolf","story"
"160","Vom werwulf hett grm vertellt <br>
fru sitt in wäwtau, hedt ‘n <br>
frusen rock an – <br>
ehr mann … will ehr biten <br>
hett noch de fäsen twischen <br>
de tähnen hatt <br>
(fru hengahn <br>
hett sik verdrunken) <br>
Schulz Lübthen <br>
2.2.1923","content"
"161","Schulz","person male narrator"
"164","xmd-s001-000-001-503","story"
"165","[1503] Werwolf","story"
"166","In Bortschen Holft hebben weck arbeitt--- den enen harren se all ümmer up’t visier hatt, dat he zaubern künn de geiht afsids un snallt sik ‘n reimen üm – jäger sin pierd mit ‘n fahlen kümmt an he bi un frett von dat fahlen – naher as wedder trügg, un wedder minsch, segt he „hu wo schuddert mi“ dor segt de ein, di sall wol schuddern, du hest jo ‘n fahlen in’n liw –“ dor hett X dat makt dat de anner von de twe den A den kopp midden dörch mit de seiß haugt het. Wenn se bi nam ropen sünd, sünd se wedder minsch west. is ens passiert –, se hebben glöwt dat wir wol Y. hebben em toropen bi namen, he süll dat fahlen gahn laten, dor is je minsch west.","content"
"167","Im Bortschen Wald haben welche gearbeitet – über den einen haben sie immer gemunkelt, dass er zaubern kann. Der geht abseits und schnallt sich einen Riemen um. Das Pferd des Jägers mit seinem Fohlen kommt an. Er geht bei und frisst das Fohlen. Später, als er wieder zurück und wieder Mensch ist, sagt er: „Hu, wie schaudert es mich.“ Da sagt der eine: „Dir soll wohl schaudern, du hast ja ein Fohlen im Leib.“ Daraufhin hat X den anderen von den zweien dazu bewegt, dem A den Kopf mit der Sense mitten durch zu hauen. Wenn sie beim Namen gerufen worden sind, sind sie wieder zu Menschen geworden. Ist einmal geschehen. Sie glaubten, es wäre Y. Sie haben ihm mit seinem Namen zugerufen, er solle das Fohlen gehen lassen. Da ist er wieder zum Menschen geworden.","content"
"168","100001967","place"
"169","Neuhof","place"
"170","53.3224","place"
"171","13.41254","place"
"172","Wendt","person male narrator"
"175","Jäger","keyword"
"176","Fohlen","keyword"
"177","xmd-s001-000-010-687","story"
"178","[10687] Der Ehemann als Werwolf","story"
"179","De bur fährt dorch holt <br>
stigt in ‘n wagen, geit to holt in – <br>
wulf rut <br>
… fru hett ‘n roden rock an – <br>
höllt em den hen – – <br>
as sin wut voroewer is – – <br>
hett de roden fäsen noch <br>
in de tähn <br>

bonatz Büchen<br> 
9.8.1911","content"
"180","Der Bauer fährt durch den Wald, <br>
steigt in den Wagen, geht in den Wald. <br>
Wolf raus<br>
Frau hat einen roten Rock an <br>
hält ihm den hin <br>
Als seine Wut vorüber ist, <br>
waren die roten Fäden noch <br>
zwischen seinen Zähnen <br>

bonatz Büchen <br>
9.8.1911","content"
"181","100000374","place"
"182","Büchen","place"
"183","Bonahtz","person male narrator"
"186","100020181","place"
"187","Greven","place"
"188","xmd-s001-000-001-513","story"
"189","[1513] Werwolf","story"
"190","Scheper in Dargelütz hett sik to ‘n hund maken künnt: denn is he annerwärts henrast un hett schap rowt (ms: werwolf oder is dat ‘n wulf wäst) nachts is he ümmer kamen. Is ‘n handwarksbursch, den würd dat vertellt: dee secht ik will dat utfünnig maen… roopt mi. Dor kümmt eens de scheper jung an: nu is he wedder dor. Dor hett de Hdwb. (handwarksbursch) sik’n witt hemd antreckt un dor ‘n rod‘ krüz upmalt un hett ‘n grot rod‘ in de hand. As he kümmt hett Wulf (Hund sic narrat) schap fat’t un geiht äben weg. He (Hadwb. Handwerksbursch) geiht ran un sleiht em mit de rod‘. So pietscht he em hen na Dargelütz. Dor is’n handwiser, dor richt’t de hund sik up an den handwiser: wenn he sik upricht’t is’t ‘n scheper, wenn he daal kümmt, is he ‘n hund. (ego cru nicht eher ins Haus!) he hett nich zeigen wullt, dat je dat wier) toletzt is he na sien huus rinkrapen annern morgen is je doot wäst.","content"
"191","[Ein] Schäfer in Dargelütz konnte sich zu einem Hund machen: dann ist er woanders hingelaufen und hat [ein] Schaf geraubt (Werwolf oder ist das ein Wolf gewesen). Nachts ist er immer gekommen. Ist ein Handwerksbursche [gewesen], dem wurde das erzählt. Der sagt: „Ich will das ausfindig machen… ruft mich“. Da kommt einmal ein Schäferjunge an: „Nun ist er wieder da.“ Da hat der Handwerksbursche sich ein weißes Hemd angezogen und dort ein rotes Kreuz raufgemalt und hat ein großes Rohr in der Hand. Als er kommt, hat der Wolf (Hund sic narrat) ein Schaf gefasst und geht eben weg. Er (der Handwerksbursche) geht ran und schlägt ihn mit dem Rohr. So peitscht er ihn nach Dargelütz. Da ist ein Handweiser [Anmerkung: ein Wegweiser in Form einer Hand; aus Wossidlo-Teuchert Mecklenburgisches Wörterbuch). An dem richtet der Hund sich auf: wenn er sich aufrichtet, ist es ein Schäfer, wenn er wieder runterkommt, ist es ein Hund. (ego cru: nicht eher ins Haus! Er wollte nicht zeigen, dass er das war.) Zuletzt ist er ins Haus hineingekrochen. Am nächsten Morgen war er tot.","content"
"192","100002074","place"
"193","Parchim","place"
"194","53.42488","place"
"195","11.84809","place"
"196","100000506","place"
"197","Dargelütz","place"
"198","53.48376","place"
"199","11.85643","place"
"200","Frederich","person male narrator"
"203","Hund","keyword"
"204","Schäfer","keyword"
"205","Handwerksbursche","keyword"
"206","auspeitschen","keyword"
"207","Verwandlung in einen Hund","keyword"
"208","Transformation in a dog","keyword"
"209","xmd-s001-000-010-697","story"
"210","[10697] Werwolf im Haus","story"
"211","Dor is ne frug wäst, dee hett<br>
sik to wulf maken künnt<br>
se is allerwägt hingahn<br>
un hett de lüd wat wegnahmen<br>
Se is na een hus ringahn<br>
As de kinner dat sehn, sünd se<br>
na de hillen rupsprungen<br>
un hett de de ledder rupwullt<br>
de kinner hebben de ledder ruptreckt<br>
dor het he<br>
rut huult ut hus<br>

F. Pankow Kummer (aus Kuhstorf)<br>
18.04.1922","content"
"212","Da ist eine Frau gewesen, die konnte<br>
sich zu einem Wolf machen.<br>
Sie ist überall hingegangen<br>
und hat den Leuten etwas weggenommen<br>
Sie ist in ein Haus reingegangen.<br>
Als die Kinder das sehen, sind sie<br>
auf den Dielenboden gesprungen<br>
und sie wollte die Leiter rauf.","content"
"213","100001585","place"
"214","Kuhstorf","place"
"215","53.3857","place"
"216","11.25087","place"
"217","100001586","place"
"218","Kummer","place"
"219","53.33153","place"
"220","11.38976","place"
"221","Pankow","person female narrator"
"224","xmd-s001-000-010-715","story"
"225","[10715] Werwolf varia","story"
"226","f s hexe strafe (ubi nescit)<br>
Füllen (?) tod. X kommt:<br>
Kam twee wulf antobullern, riten de fahlen<br>
De kaldun ut, slagen sich dee um´t muul-<br>
Gehen w. af<br>
Eine liegt vor süll, andere auf süll<br>
Seedorf Herr (?) Grubenhg 30.6.12","content"
"227","Werwolf Varia","keyword"
"228","Werewolf varia","keyword"
"229","xmd-s001-000-010-681","story"
"230","[10681] Der angeschossene Werwolf","story"
"231","(Zettel Hexe als Wolf) <br>
zwischen türritze <br>
drückt los <br>
da frau <br>
Lehrer Garbe 7,2 <br>
Gallin 1906","content"
"232","100000735","place"
"233","Gallin","place"
"234","53.51322","place"
"235","12.12448","place"
"236","Heinrich Garbe","person male contributor"
"240","xmd-s001-000-010-656","story"
"241","[10656] Werwolf: Selbstverwandlung durch Zaubermittel","story"
"242","Knabe sieht, Knecht <br>
Mit Riemen <br>
Wat hadd uns knecht von‘n rugen steert <br>
Laupien 1898 <br>
Pegel 4,5","content"
"243","Knabe sieht, Knecht <br>
Mit Riemen <br>
Was hat unser Knecht für einen rauen Schwanz. <br>
Laupien 1898 <br>
Pegel 4,5","content"
"248","xmd-s001-000-001-910","story"
"249","[1910] De Werwulw un de Scheeper","story"
"250","De Werwulw un de Scheeper. <br>
In Vietgest sall vör väle Johren mal ‘ne Fru west sin, dei hett sik ok in’n Werwulw verwandeln künnt. Un denn hett sei ümmer den Scheeper groten Schaden dan. As nu de Scheeper ehr eins mit’n Biel dei Hüft kaputt makt, krüpt de Wulw nah’n Busch rin. De Scheeper geit em nah, üm em üm dei Eck tau bring’n. Aewer dor is keen Wulw mir tau sein. De Fru is dor un is dorbi, sik dat Blaud tau stillen. <br>

Nach Aufzeichnungen des zu Gr. Wokern  verstorbenen Kantors Brauer.<br>
Richard Brauer, Sekretär, Heiligendamm,  Altersheim","content"
"251","Der Werwolf und der Schäfer.<br>
In Vietgest soll vor vielen Jahren mal eine Frau gewesen sein, die konnte sich auch in einen Werwolf verwandeln. Und dann hat sie immer großen Schaden für den Schäfer angerichtet. Als der Schäfer ihr einmal mit dem Beil die Hüfte verletzt, kraucht der Werwolf in einen nahen Busch rein. Der Schäfer geht ihm nach, um ihn um die Ecke zu bringen [zu töten]. Aber da ist es kein Wolf mehr, sondern die Frau ist dort und versucht, die Blutung zu stillen.<br> 

Nach Aufzeichnungen des zu Gr. Wokern  verstorbenen Kantors Brauer.<br>
Richard Brauer, Sekretär, Heiligendamm,  Altersheim","content"
"256","xmd-s001-000-010-677","story"
"257","[10677] Werwolf: Viehdieb","story"
"258","„Helene“ <br>
Mädchen in Bart. [Bartelshagen] <br>
hat sich ‘n wolf verw. können <br>
hat wolf ‘n maul gehabt <br>
leute beim braken <br>
denken dat is wol H. <br>
[?] <br>
Heleneken → schapeken <br>
w lässt schaf fallen <br>
(F Blank) 1895 Dunze Bartelshagen","content"
"259","H. Dunze","person male narrator"
"263","Lehrer","person male narrator"
"264","Viehdieb","keyword"
"265","Werwolf als Viehdieb","keyword"
"266","Werewolf as rustler","keyword"
"267","xmd-s001-000-001-508","story"
"268","[1508] Werwolf","story"
"269","En fru hett sik’n tom upströpt is ‘n wulf worden, Wenn jagt wäst is, is se vör de schützen lang lopen un wenn dee ‘n hasen schaten habben, hett se em nahmen un na hus dragen. Een Jäger hett erbsilber to ‘ne kugel gaten, dee hett ehr an’n örbeen schaten. Se hett sik noch upraffelt; as se int dörp kamen, lech se in’t bett, hett ‘ne wund an’n been (hand?).","content"
"270","Eine Frau hat sich Zaumzeug angelegt, ist zum Wolf geworden. Wenn Jagd stattfand, ist sie vor den Schützen gelaufen, und wenn diese einen Hasen schossen, hat sie diesen genommen und nach Hause getragen. Ein Jäger hat eine Kugel aus Erbsilber gegossen und sie damit am Vorderbein? verwundet. Sie konnte sich [aber] noch aufraffen. Als sie [die Jäger] ins Dorf kamen, liegt sie im Bett, hat eine Wunde am Bein (Hand?).","content"
"271","100002124","place"
"272","Penzlin","place"
"273","53.52377","place"
"274","12.16337","place"
"275","Dammann","person male narrator"
"278","Ziegler","person male narrator"
"279","100020263","place"
"280","Groß Vielen","place"
"281","Jagd","keyword"
"282","Kugel","keyword"
"283","Erbsilber","keyword"
"284","xmd-s001-000-010-660","story"
"285","[10660] Werwolf: Die reichliche Mahlzeit","story"
"286","Vadder vertelte: <br>
en hett sick <br>
ton wulf makt – <br>
fahlen upfräten <br>
dat sull  <br>
ik wüsst hebben <br>
juch ok upfräten <br>
Laudan bei Warlow, 17.04.1922","content"
"287","Vater erzählte:<br>
Einer hat sich zum Wolf gemacht <br>
[hat ein] Fohlen aufgefressen <br>
Das soll ich gewusst haben <br>
Eure [wurden] auch aufgefressen <br>
Laudan bei Warlow, 17.04.1922","content"
"288","100002998","place"
"289","Warlow","place"
"290","53.34403","place"
"291","11.40782","place"
"292","Fritz Laudan","person male narrator"
"295","Bauer","person male narrator"
"296","xmd-s001-000-010-678","story"
"297","[10678] Werwolf: Viehdieb","story"
"298","En fru hett sik ton wulf makt (ego nicht mann ne, de fru) <br>
hett ‘n höwt veih dootbäten <br>
dee lüd‘ de dat veih hört hett (fru oder mann nescit) hebben ropen:<br>
Lewerinzch – <br>
ward wedder minsch <br>
da is se wedder lebennig worden = minsch <br>
Bökmann Doberan 23.07.1911","content"
"299","Eine Frau hat sich in einen Wolf verwandelt (ego: nicht ein Mann, sondern eine Frau) <br>
[sie] hat ein Haufen Vieh totgebissen. <br>
Die Leute, denen das Vieh gehörte, haben gerufen: <br>
Lewerinzsch – <br>
Da wurde [sie] wieder zu einem Menschen <br>

Da ist sie wieder lebendig geworden = Mensch geworden <br>
Bökmann Doberan 23.07.1911","content"
"300","100000558","place"
"301","Bad Doberan","place"
"302","54.10655","place"
"303","11.89861","place"
"304","Bökmann","person male narrator"
"307","Briefträger","person male narrator"
"308","xmd-s001-000-010-720","story"
"309","[10720] Töchter als bunte Kälber","story"
"310","In Warneckenhagen ist es ja wohl gewesen, da war eine Bauersfrau, die hatte zwei Töchter. Wenn sie sich mal so recht amüsieren wollte, dann ging sie mit ihren Töchtern in ein Scheunenfach. Dort legte sie ihren Töchtern kleine Äste um den Hals, etwa wie ein Strumpfband. Dann tobten mit einem Mal ein paar bunte Kälber in dem Fach umher, was das Zeug halten wollte.","content"
"311","Dr. Hans Wilhelm Barnewitz","person male scholar"
"314","Gymnasiallehrer","person male scholar"
"315","Studienrat","person male scholar"
"316","xmd-s001-000-010-693","story"
"317","[10693] Werwolf fällt einen Menschen an","story"
"318","Min Vadder hett vertellt<br>
En hett secht<br>
sallk in mal to wörwulf maken<br>
Hett sik reem ümsnellt(?), ward to wulf<br>
dor röppt de anner<br>
„Hans Eggert, du worwulf“<br>
dor ward he <br>
w. to minsch.<br>

Fx bei F. Geldhof<br>
Spornitz 29.01.1911","content"
"319","Mein Vater hat erzählt:<br>
Einer sagte,<br>
solle sich einmal in einen Wehrwolf verwandeln<br>
Hat sich einen Riemen umgeschnallt, wurde zum Wolf<br>
Da ruft der Andere<br>
„Hans Eggert, du Wehrwolf“<br>
Da wurde er<br>
wieder zum Menschen<br>

Fx bei F. Geldhof<br>
Spornitz 29.01.1911","content"
"320","100002662","place"
"321","Spornitz","place"
"322","53.40849","place"
"323","11.72171","place"
"324","Gildhof","person female narrator"
"327","Mensch","keyword"
"328","Werwolf fällt einen Menschen an","keyword"
"329","Werewolf attacks persons","keyword"
"330","xmd-s001-000-010-667","story"
"331","[10667] Werwolf: Die reichliche Mahlzeit","story"
"332","Dör sünd <br>
Poor Bröder wäst, dee <br>
hebben Futter meiht. <br>
as Middag is, seggt de <br>
een: wi wollen na Huus <br>
gahn <br>
un Middag maken <br>
Ne, seggt de anner <br>
Ik gah nich mit. <br>
Dor hett ne Mähr mit Fahlen <br>
’n Koppel gahn <br>
(wie Bucht?) <br>
De öllst seggt donn <br>
ik wat wat du wisst. <br>
Dor hett de anner <br>
den Fahlen upfräten, <br>
as de öllst Broder wedder kummt hett <br>
de Mähr alleen gahn.","content"
"333","Da sind ein paar Brüder gewesen, <br>
die mähten Futter. <br>
Zur Mittagszeit sagt der eine: <br>
wir wollen nach Hause gehen und Mittag machen. <br>
Nein, sagt der Andere, ich gehe nicht mit. <br>
Da hat eine Stute mit ihrem Fohlen auf der Wiese gestanden <br>
Der Älteste sagt dann: ich weiß, was du willst. <br>
Da hat der Andere das Fohlen aufgefressen, <br>
als der älteste Bruder wiederkommt, <br>
stand die Stute allein da.","content"
"334","100002817","place"
"335","Tewswoos","place"
"336","53.22931","place"
"337","11.20283","place"
"338","Pankow","person male narrator"
"341","xmd-s001-000-010-700","story"
"342","[10700] Benutzung des Wolfriemens durch Kinder","story"
"343","In Spornitz is ‘n <br>
Jung wäst, dee hett sik<br>
in de School to ‘n Wulf maakt <br>
un hett den Köster in de Beenen bäten.<br>
Se hebben em aderslagen laten, dat <br>
he to Dod‘ kamen is<br>
(he hett sien vadder den reemen wegnahmen hatt)<br>

Arbeiter Klaeter Tessin 04.10.17 aus Lüblow","content"
"344","In Spornitz ist ein <br>
Junge gewesen, der hat sich <br>
in der Schule in einen Wolf verwandelt<br>
und hat den Köster in die Beine gebissen.<br>
Sie haben ihn zu Ader gelassen, woran er gestorben ist.<br>
(Er hatte seinem Vater den Riemen weggenommen)<br>

Arbeiter Klaeter Tessin 04.10.17 aus Lüblow","content"
"345","100002802","place"
"346","Tessin","place"
"347","54.02629","place"
"348","12.46834","place"
"349","100001730","place"
"350","Lüblow","place"
"351","53.41848","place"
"352","11.44948","place"
"353","Klaeter","person male narrator"
"356","Arbeiter","person male narrator"
"357","xmd-s001-000-010-716","story"
"358","[10716] Werwolf / Bär","story"
"359","H. Frahm – Stoffersdorf 1932<br>
Mann trifft mit Bär zusammen in Bruch, dessen Augen feurig leuchten. Der Bär griff den Mann an, aber es gelang diesem, das Untier in ein Gewässer zu stossen, worauf es verschwunden war. Als am nächsten Tage in der betreffenden Ortschaft der Schäfer verschwunden war, behaupteten alle Leute er und kein anderer sei der Bär gewesen.<br>

Ulrich Frahm Stoffersdorf 12.4.1932","content"
"360","Ulrich Frahm","person male contributor"
"362","xmd-s001-000-010-695","story"
"363","[10695] Pastor als Werwolf","story"
"364","de preester döbbersen<br>
wirn diert wäst<br>
In Drönnewitz is´n Kind geburen<br>
dat hett na Döbbersen na´n preester <br>
süllt to de dörp. As se bide dörp sünd,<br>
(de inspekter von Drönnewitz is ok mit wäst)<br>
de preester döpt dat kind in düwelsnam<br>
nich in gottesnamen<br>
as se ut dörp kamen<br>
de inspekter ritt näben ehr her: <br>
secht de inspekter to de bid<br>
doht mi´t kind man her<br>
jauch nihmt de preester<br>
dat kind doch weg.<br>
As se up´n dodenbarg kam<br>
(un de klocken an to gahn fangen)<br>
kümmt de preester all rümtolopen<br>
as moorwulf (=moorwulf, so (?) deutlich)<br>
de wulf richtt sik ümmer as dat pierd<br>
to hörch un will dat kind hebben.<br>
de inspekter kann sik nich anners helpen<br>
Hett lütten dägen un <br>
haut dormit dem wulf<br>
(?) oewerde snuut.<br>
As se na Dönnewitz kamen, secht <br>
de inspekter:<br>
nu makt juuch an<br>
den un den preester<br>
dat dee dat kind noch eens döfft<br>
de preester hett dat in düwelsnamen döfft,<br>
de inspekter ritt hen na döbbersen hen<br>
secht: ik will den preester spräken<br>
Ne, dee wier so krank, dee<br>
künn sik goar nich rögen.<br>
Ja, he wull em spräken. As he henkümmt<br>
Hett de narw ower de snut hat.<br>

Arbeiter Wulff Neukloster<br>
(aus Döbbersen) 05.04.1915","content"
"365","Der Priester Döbbersen<br>
Ist eine Magd gewesen<br>
In Drönnewitz ist ein Kind geboren<br>
das sollte nach Döbbersen zum Priester<br>
ins Dorf. Als sie beide im Dorf sind,<br>
(der Inspektor von Drönnewitz ist auch mit gewesen)<br>
Der Priester tauft das Kind in Teufelsnamen<br>
nicht in Gottesnamen.<br>
Als sie aus dem Dorf kamen,<br>
der Inspektor ritt neben ihr her,<br>
sagt der Inspektor zu den beiden:<br>
Gib mir das Kind mal her,<br>
euch nimmt der Priester<br>
das Kind doch weg.<br>
Als sie auf den Totenberg kommen<br>
(und die Glocken anfangen zu läuten)<br>
kommt der Priester angelaufen<br>
als Moorwolf (= Moorwolf, so (?) deutlich)<br>
der Wolf richtet sich immer am Pferd<br>
hoch und will das Kind haben.<br>
Der Inspektor kann sich nicht anders helfen<br>
Hat einen kleinen Degen und<br>
haut damit dem Wolf<br>
(?) über die Schnauze<br>
Als sie nach Dönnewitz kamen, sagt<br>
der Inspektor:<br>
Nun wendet euch an<br>
den und den Priester<br>
dass der das Kind noch einmal tauft<br>
Der Priester hat das in Teufelsnamen getauft,<br>
der Inspektor reitet nach Döbbersen<br>
sagt: ich will den Priester sprechen<br>
Nein, der ist so krank, der <br>
kann sich gar nicht röhren.<br>
Ja, er will ihn sprechen. Als er hinkommt<br>
hat er eine Narbe über der Schnute gehabt. <br>

Arbeiter Wulff Neukloster<br>
(aus Döbbersen) 05.04.1915","content"
"366","100001980","place"
"367","Neukloster","place"
"368","53.86765","place"
"369","11.68002","place"
"370","100000551","place"
"371","Döbbersen","place"
"372","53.58015","place"
"373","11.07031","place"
"374","Wulff","person male narrator"
"377","Pastor","keyword"
"378","Pastor als Werwolf","keyword"
"379","Pastor as werewolf","keyword"
"380","xmd-s001-000-010-598","story"
"381","[10598] Werwolf: Selbstverwandlung durch Zaubermittel","story"
"382","Werwolf. Dei Lüüd hebben ‘n‘ Wulfsreimen. Sei willen anner Lüüd allerhand Leegheiten andauhn. (Witwe S. in Beelsch) Pegel-Belsch 1903","content"
"383","Werwolf. Die Leute haben einen Wolfsriemen. Sie tun anderen Leuten allerhand Schlechtigkeiten an. 
(Witwe S. in Beelsch) Pegel-Belsch 1903","content"
"384","100000190","place"
"385","Belsch","place"
"386","53.32709","place"
"387","11.20505","place"
"392","xmd-s001-000-010-689","story"
"393","[10689] Werwolf fällt einen Menschen an","story"
"394","De lahm Möller (f andere ww Sage) <br>
(‘n Spornitz) <br>
hett sik mal eens mit eenen vertürnt. <br>
De anner <br>
geiht up’t feld, dor kummt ein <br>
wulf entgegen. To’n glücken <br>
fällt een dat grud in, dat dat vielleicht <br>
Möller wier un he röppt <br>
Möller, wat wisst du … <br>
Dor steiht Möller dor as <br>
minsch. <br>
Dunze Dutschow <br>
12.7.1913","content"
"395","Der lahme Möller (in Spornitz) <br>
Hat sich mal mit einem verstritten. <br>
Der andere geht zum Feld, da kommt ihm ein  Wolf entgegen. <br>
Zum Glück fällt er in eine Grube. <br>
Könnte das vielleicht der Möller sein?<br> 
Und ruft: <br>
Möller, was willst du… <br>
Da steht der Möller als Mensch da. <br>
Dunze Dutschow <br>
12.7.1913","content"
"396","100000610","place"
"397","Dütschow","place"
"398","53.40682","place"
"399","11.67587","place"
"400","Dunz","person male narrator"
"403","xmd-s001-000-010-663","story"
"404","[10663] Werwolf: Die reichliche Mahlzeit","story"
"405","wehrwolf <br>
Por reisende <br>
koppel --- pierd mit fahlen <br>
beten utrauhgen <br>
Makt sik as wedder to’n wulf, <br>
frett dat fahlen up – <br>
geht wedder bi annern liggen <br>
„wo ward mi to maur“ <br>
du hest ja ok – heel fahlen upfreten“ <br>
„hest du dat seihen“ <br>
dat harrk weiten sullt, dun<br> 
harr di ok upfreten.","content"
"406","Werwolf <br>
Ein paar Reisende <br>
Wiese – Pferd mit Fohlen <br>
Bisschen ausruhen <br>
Verwandelt sich wieder in einen Wolf, <br>
frisst das Fohlen – <br>
legt sich wieder zu den anderen <br>
„Wie ist mir zu Mute [Wie ist mir im Magen]“ <br>
Du hast ja auch ein ganzes Fohlen aufgefressen“ <br>
„Hast du das gesehen?“ <br>
Das hätte ich wissen sollen, dann <br>
hätte ich dich auch aufgefressen.","content"
"407","100002092","place"
"408","Passin","place"
"409","53.90267","place"
"410","12.0003","place"
"411","Hecht","person male narrator"
"414","xmd-s001-000-010-661","story"
"415","[10661] Werwolf: Die reichliche Mahlzeit","story"
"416","Werwolf fru west <br>
fahlen upfräten <br>
dicken buk <br>
Frau Dahl, Woldzegarten/Ganzlin <br>
1894","content"
"417","Werwolf Frau gewesen <br>
Hat ein Fohlen aufgefressen<br> 
Dicken Bauch <br>
Frau Dahl, Woldzegarten/Ganzlin <br>
1894","content"
"418","100003135","place"
"419","Woldzegarten","place"
"420","53.39906","place"
"421","12.48698","place"
"422","Dahl","person male narrator"
"425","xmd-s001-000-010-717","story"
"426","[10717] Vom Wärwolf","story"
"427","Vom wärwulf viel erzählt<br>
Fohlen verzehrt<br>
Hett ´n balgen vull<br>
Een snall is busten<br>
Döewennset<br>
Mareink Amelungsborn","content"
"428","Vom Werwolf viel erzählt<br>
Fohlen verzehrt<br>
Hatte den Dachboden voll<br>
Eine Schnalle ist draußen(?) drangesetzt(?)<br>
Mareink Amelungsborn","content"
"429","xmd-s001-000-010-719","story"
"430","[10719] Seejungfer im Sprenzer See","story"
"431","H Seejungfer
Im Sprenzer See
Zur Bauersfrau: wenn ehr
eener ´n Hemd owersmeiten ded,
ward se sülben von Anfang betto 
End farig m. h. wier se erlöst
Swif 100 Johr in Bowsk
Bf. Erzählt wie Flachs
Ne dat is mi to val arbeit
Weg

F p Gundlach","content"
"432","H Seejungfer<br>
Im Sprenzer See<br>
Zur Bauersfrau: wenn ihr <br>
einer ein Hemd überschmeißt,<br>
würde sie selbst von Anfang bis zum Ende <br>
mit dem Hemd(?) fertig, wäre sie erlöst.<br>
(?) 100 Jahre in Bowsk<br>
Bauersfrau erzählt wie Flachs<br>
Ne, das ist mir zu viel Arbeit. <br>

Fp Gundlach","content"
"433","xmd-s001-000-010-659","story"
"434","[10659] Werwolf: Die reichliche Mahlzeit","story"
"435","2 Hdwb. <br>
wohlig – magen – frißt Fohlen <br>
Riemen mit Zähnen wieder ab – <br>
wieder Mensch <br>
Schnell, 18,11 <br>
Mirow 1901 <br>
aus Carwitz","content"
"436","100001853","place"
"437","Mirow","place"
"438","53.27461","place"
"439","12.8156","place"
"440","Bernhard Schnell","person male narrator"
"444","Musikdirektor","person male narrator"
"445","xmd-s001-000-010-658","story"
"446","[10658] Werwolf: Verwandlung","story"
"447","In en dörp ward Hochtied fiert. Donn kümmt dor ‘n kierl rin un fidelt. Dat ward de Lüd to unheimlich un donn smeten sei em rut. As sei annern dag na dei kirch wull’n, müßten sei dörch ‘n Enn Holt. Dor stünn dei Kierl un dat sniet un hagelt. Donn hett hei dei ganz Hochtietsgesellschaft in Wülf verwandelt. Zu ehr Spor möt ‘ne Esch plant warden, wenn dei wahst? dann warden se wedder Minschen. <br>

Arbeiter Holz, 88 Jahre, Klein-Rahden,<br> 12.07.1931 <br>
Lehrer Gossel","content"
"448","In einem Dorf wurde Hochzeit gefeiert. Da kommt ein Kerl rein und spielt auf der Geige. Das war den Leuten zu unheimlich und so warfen sie ihn raus. Als sie am darauffolgenden Tag in die Kirche wollen, müssen sie durch ein Stück Wald. Da steht der Kerl und das schneit und hagelt. Dann hat er die ganze Hochzeitsgesellschaft in Wölfe verwandelt. Zu ihrem Gedenken wurde eine Esche gepflanzt, wenn sie wächst, würden sie wieder zu Menschen werden. <br>

Arbeiter Holz, 88 Jahre, Klein-Rahden,<br> 12.07.1931<br>
Lehrer Gossel","content"
"449","P. Gossel","person male scholar"
"452","Lehrer","person male scholar"
"453","Verwandlung","keyword"
"454","Transformation","keyword"
"455","xmd-s001-000-010-600","story"
"456","[10600] Werwolf: Selbstverwandlung durch Zaubermittel","story"
"457","Wulfband ward je wol<br>
Ungeburen wulf<br>
Ne, von‘n un ungeburen hirschkalw<br>
Wenn se sik umsnallen,<br>
koenen se alles maken<br>

Büdner, Frau Wulff, Poppendorf bei Marlow<br> 24.12.1912","content"
"458","Wolfsband war es wohl <br>
Ungeborenem Wolf <br>
Nein, von einem ungeborenen Hirschkalb <br>
Wenn sie sich den umschnallten, <br>
konnten sie alles tun. <br>

Büdner, Frau Wulff, Poppendorf bei Marlow <br> 24.12.1912","content"
"459","100002199","place"
"460","Poppendorf","place"
"461","54.13239","place"
"462","12.28946","place"
"466","xmd-s001-000-010-679","story"
"467","[10679] Werwolf: Viehdieb","story"
"468","(von Mandelshagen <br>
na Volkswagen hen) <br>
is recht so’n hellen manschien <br>
de lüd braken <br>
kümmt wulf mit schap <br>
dor röppt en <br>
Scheleneken wat wisst du mit dat <br>
lat du dat schapeken man gahn“ <br>
dor steiht se dor linkelank <br>
un dat schap geiht betto <br>
worwülf hebben se <br>
de nennt <br>
1895 Frau Blank Bartelshagen","content"
"469","Ist so eine recht kluge? Frau gewesen <br>
Die Leute sind am Flach brechen, <br>
[da] kommt der Wolf mit dem Schaf. <br>
Da ruft der eine: „Scheleneken was willst du damit? <br>
Lass das Schäfchen mal gehen.“ <br>
Da steht sie da der Länge lang. <br>
Und das Schaf blieb verschont. <br>
Sie haben sie Werwolf genannt. <br>
1895 Frau Blank Bartelshagen","content"
"473","xmd-s001-000-010-701","story"
"474","[10701] Benutzung des Wolfriemens durch Kinder","story"
"475","Dor wor een lahm Möller in Spornitz de<br>
hett dat all künnt,<br>
as lütte jung hett he de<br>
anner jungens dat all wist.<br>
Wenn sin vadder den reimen<br>
ümsnallen ded, würd he wulf – <br>
he seggt, se müssten em blos<br>
bi nam nännen müsst,<br>
denn wier he wedder as minsch dor wäst.<br>
de jungens vergäten den nam<br>
in de angst: dor hebben se müsst<br>
kladdern up de groten börten<br>
up disch un bänk<br>
Fon Glück is de <br>
mudder na huus kamen<br>
dee hett em bi nam ropen.<br>

Dunz Dütschow 12.07.1913","content"
"476","Da war ein lahmer Müller in Spornitz, der<br>
konnte das alles.<br>
Als kleiner Junge hat er das<br>
den anderen Jungen gezeigt.<br>
Wenn sein Vater den Riemen <br>
umschnallte, wurde er zum Wolf.<br>
Er sagt, sie müssen ihn nur <br>
beim Namen nennen, <br>
dann würde er wieder zum Menschen werden.<br>
Die Jungen vergessen den Namen<br>
vor Angst: da mussten sie auf das große Bord,<br>
auf die Tische und Bänke klettern.<br>
Zum Glück ist die Mutter nach Hause gekommen.<br>
die hat ihn beim Namen gerufen.<br>

Dunz Dütschow 12.07.1913","content"
"480","xmd-s001-000-010-704","story"
"481","[10704] Werwolf: Verwandlung in einen Bären","story"
"482","Am Kreuzweg Rühn-Zernin schießen abends 12 Uhr Jäger auf einen Bären, doch es ist vergeblich die Kugel prallt ab. Da schießen sie mit einem Erbschlüssel und siehe, der Bär ist eine alte Frau aus einem Nachbarorte.","content"
"488","xmd-s001-000-010-684","story"
"489","[10684] Der angeschossene Werwolf","story"
"490","Zu Möllenbeck:<br>
een is ut Zierzow wäst. <br>
wenn de swinhirer häuden, <br>
kummt [minsch (?)] wörwulf an un <br>
frett em de farken up. <br>
De mann <br>
krigt sik jager mit <br>
dee schätt em vörbeen af <br>
se spüren em na – <br>
he blött jo wun to <br>
As se na de stuv rinkamen <br>
hangt de swanz noch ut‘ bett <br>
rut. <br>
Schröder Brenz <br>
12.7.1913","content"
"491","100000322","place"
"492","Brenz","place"
"493","53.3822","place"
"494","11.6636","place"
"495","Schröder","person male narrator"
"498","xmd-s001-000-001-511","story"
"499","[1511] Werwolf","story"
"500","In Sembzin wir früher ein Scheperfru dei harn Reimen, wenn sei sik den ümschnalt wir sein Wulf, lep den na dei annern Schepers ehr Hauden bet Schap dod, un drögs nah ehren Hus, ehr Lüd harn ümmer dei besten Hamel-Braden, ens hött sei ehr eigen Schap, un het den Wulfsreimen in dei Hand, ehr Sähn dei bi ehr stün, ritt ehr den Reimen weg un willn sik ümpassen dei Olsch röpt, lat dat üm Himmelswillen wäsen, is din un uns Unglück, äwerst dei Jung het den Reimen all üm, un is nu Wulf fohrt mank dei Schap, bit dei meistern dod, un rönt dun nah dat Holt rinne, un is seindag nich werre kamen.","content"
"501","In Sembzin war früher eine Schäfersfrau, die hatte einen Riemen. Wenn sie sich den umschnallte, wurde sie zum Wolf, lief dann zu den Herden der anderen Schäfer, biss Schafe tot und [dann] zurück zu ihrem Haus. Ihre Leute haben immer die besten Hammel gebraten. Einmal hütete sie ihre eigenen Schafe und hat den Wolfsriemen in der Hand. Ihr Sohn, der bei ihr steht, reißt ihr den Riemen weg und will sich den umlegen. Die Alte ruft: „Lass das um Himmels willen sein, ist dein und unser Unglück.“ Aber der Junge hat den Riemen schon um und ist nun (als?) Wolf fort zwischen die Schafe gelaufen. Beißt die meisten tot und rennt dann in den Wald rein und ist sein Lebtag nicht wiedergekommen.","content"
"502","100001235","place"
"503","Jabel","place"
"504","53.53656","place"
"505","12.54448","place"
"506","100002622","place"
"507","Sembzin","place"
"508","53.46211","place"
"509","12.60837","place"
"510","A. Micheel","person male narrator"
"513","Erbpächter","person male narrator"
"514","Schäferfrau","keyword"
"515","xmd-s001-000-010-668","story"
"516","[10668] Werwolf: Die reichliche Mahlzeit","story"
"517","frett half fahlen up (de koppels sünt tohup <br>
wäst) De knecht treckt en reem ut de tasch <br>
Buuer wolle ruhen, wal so wöhlig <br>
Juch kann wol wöhlig sin, wo je (?) <br>
half fahlen up hebben. He biddet, reem wedder <br>
Den reem verbrennt. <br>
oll buer – (sin nawer hett <br>
son echtes fahl ’n koppel hatt) <br>
deucht (oder denkt?) de knecht slöppt, <br>
He schüdelt an, he rührt sik mit (oder „nich“?) <br>
reim üm, ward wulf <br>

F Engel Wustrow <br>
1907","content"
"518","Frisst das Fohlen halb auf (die Koppeln sind zusammen gewesen) <br>
Der Knecht zieht den Riemen aus der Tasche. <br>
Was der Bauer wolle? Ruhen, weil ihm so wohl sei. <br>
Euch kann wohl wohlig sein, wo er (?) <br>
Halbes Fohlen aufgefressen. Er bittet, Riemen wieder <br>
Den Riemen verbrannt <br>
Alter Bauer (sein Nachbar hat so ein echtes Fohlen auf der Koppel gehabt) <br>
Denkt, der Knecht schläft. <br>
Er schüttelt ihn, er rührt sich nicht. <br>
Riemen um, wird zum Wolf. <br>
F Engel Wustrow <br>
1907","content"
"519","100020310","place"
"520","Wustrow","place"
"521","Engel, geb. Kohlmetz","person female narrator"
"524","Tagelöhnerfrau/Witwe","person female narrator"
"525","xmd-s001-000-010-674","story"
"526","[10674] Der Werwolf als Viehdieb","story"
"527","wenn se blautwundt würden, <br>
süllen se wedder minschen <br>
sien <br>
Frahm Trebs <br>
9.4.14","content"
"528","Wenn sie eine blutige Wunde bekommen, <br>
sollen sie wieder zu Menschen werden.","content"
"529","100002856","place"
"530","Trebs","place"
"531","53.28709","place"
"532","11.11559","place"
"533","Frahm","person male narrator"
"536","Schulze","person male narrator"
"537","Der Werwolf als Viehdieb","keyword"
"538","The werewolf as rustler","keyword"
"539","xmd-s001-000-010-673","story"
"540","[10673] Der Werwolf als Viehdieb","story"
"541","de pierdjungens hebben höddt <br>
worwulf hebben ümmer de pird kappniert <br>
(hebben öwer de räk lopen dat de pird sik de räk na liw rinbohrt hebben. <br>
Toletzt sünd de jungens all so klok west  <br>
hebben ’n krüzknupp in de pietsch <br>
slagen un dormit na de worwulf slagen 
denn hebben se (as minschen) uppe <br>
räk seten. <br>
Arbeiter … Bartelshagen 1895","content"
"542","Die Pferdejungen haben gehütet, <br>
Werwölfe haben immer die Pferde weggestohlen. <br>
(liefen über die Dornenhecke, sodass die Pferde sich die Dornen in den Leib gebohrt haben. <br>
Zuletzt sind die Jungen so klug gewesen, <br>
haben einen Kreuzknoten in die Peitsche  <br>
geknotet und damit nach dem Werwolf geschlagen. <br>
Dann haben sie ihn (als Menschen) auf <br>
die Dornenhecke gesetzt. <br>
Arbeiter ... Bartelshagen 1895","content"
"543","Klänhammer","person male narrator"
"547","xmd-s001-000-001-507","story"
"548","[1507] Werwolf","story"
"549","In Spornitz is een wäst, dee hett in 3 nacht 9 fahlen vertehrt. Buer hett noch einen fahlen in’n stall hatt (de annern hett he all vertehrt) de buer hett em blauwundt dor is je ‘n minsch wäst. – Nahst hett de soehn sik den Reim ümsnallt, dor is he ok to ‘n wulf worden, is verbrennt in Parchen.","content"
"550","In Spornitz ist einer gewesen, der hat in 3 Nächten 9 Fohlen verzehrt. [Der] Bauer hatte [nur] noch ein Fohlen im Stall. (die anderen hat er alle verzehrt) Der Bauer hat ihm eine Fleischwunde zugeführt, da ist er wieder zum Menschen geworden. Später hat sich der Sohn den Riemen umgeschnallt, da ist er auch zum Wolf geworden, ist in Parchim verbrannt.","content"
"555","Bauer","keyword"
"556","Wunde","keyword"
"557","xmd-s001-000-001-504","story"
"558","[1504] Werwolf","story"
"559","In Grebs wir een Buer … sall Zauberreimen ‘n Wulfsreemen wäst sien. De Buer is eens mit sinen Knecht na’n Messschürren wäst. Sor sehn se in Nawers Koppel Pierd un Fahlen weiden. Dor seggt de Buer willn uns Ogenblick slapen leggen, den Mess krigen wi likers schürrt. De Knecht biert, as wenn he slapen ded, oewer he slöppt nich. De Buer kriggt sik ‘n Reimen her un frett den Fahlen up. As se naher wedder bi ‘t Messschürrent sünd, seggt de Buer: mi is so wäuhlig in Mag‘. Ja, seggt de Knecht, Di sall wol wäuhlig sein, wenn du ‘n ganz Fahlen in’n Liw hest. Dor segt de Buer: Täuw, Hallunk, datt haddk man weiten süllt, denn wierst du toihrst ankamen!","content"
"560","100000908","place"
"561","Grebs","place"
"562","53.24126","place"
"563","11.32032","place"
"564","Jacobs","person male narrator"
"567","Knecht","keyword"
"568","xmd-s001-000-010-676","story"
"569","[10676] Werwolf: Viehdieb","story"
"570","mädchen <br>
hexe <br>
wolf et schaf <br>
heleneken wat wist du mit dat schapeken","content"
"571","Mädchen <br>
Hexe <br>
Wolf und Schaf <br>
Helenchen, was willst du mit dem Schäfchen","content"
"576","xmd-s001-000-010-671","story"
"577","[10671] Werwolf: Die reichliche Mahlzeit","story"
"578","to Serrahn sünd pird hött <br>
jede nacht kümmt ’n fahlen weg <br>
buern to de jungens „hollt god wacht“ <br>
liggen an ne bäk – durt nich so lang <br>
makt [?] ollen knecht öwer end <br>
snallt sik ’n wohrwulfsreim <br>
um,	un los <br>
geiht an de stiert <br>
mank de fahlen <br>
en bi de uhren <br>
frett dat up <br>
mit hut un her <br>
dat seihn de annern; <br>
kümmt wedder an, snallt reimen af, <br>
is wedder heirdjung – snarcht <br>
kann nich slapen von all dat freten <br>
mi is so wiwwelwawwelk <br>
Jungen hebben rasch den reimen <br>
nahm en un in’t fuer smeten <br>
„Ja du bist de fahlenfreter“ <br>
He wakt up <br>
springt up <br>
will jungles ok upfreten <br>
öwer kan je ’n reimen nich finnen. <br>
De krigen minsch rudlug (?) er <br>
öwerwältigen em <br>
de minsch frei ut. <br>
Lehmann Schleuse, 1887","content"
"579","In Serrahn wurden Pferde gehütet, 
da kam jede Nacht ein Fohlen weg. 
Bauer sagt zu den Jungen: „Haltet gut wacht“ <br>
[Sie] liegen an einem Bach – dauert nicht so lange, <br>
Macht [?] alten Knecht über Ende, <br>
Schnallt sich den Werwolfsriemen um, <br>
nun los, <br>
geht an den Schwanz, <br>
zwischen die Fohlen, <br>
[packt] eines bei den Ohren <br>
frisst es auf mit Haut und Haar <br>
Das sehen die anderen. <br>
Kommt wieder zurück, schnallt sich den Riemen ab, <br>
ist wieder ein Heidenjunge – schnarcht, <br>
kann wegen des ganzen Fressens nicht schlafen <br>
„Mir ist so wiwwelwawwelk“ <br>
[Die] Jungen nehmen schnell den Riemen <br>
Werfen [ihn] ins Feuer <br>
„Ja du bist der Vielfraß“ <br>
Er wacht auf, springt auf, will die Jungen auch auffressen, <br>
aber er kann den Riemen nicht finden. <br>
Die kriegen den Mensch, locken ihn raus (?) <br>
überwältigen ihn  <br>
der Mensch [?].<br>","content"
"580","100002627","place"
"581","Serrahn","place"
"582","53.66433","place"
"583","12.34502","place"
"584","100000121","place"
"585","Banzkow","place"
"586","53.5246","place"
"587","11.52115","place"
"588","Lehmann","person male narrator"
"591","Schleusenwärter","person male narrator"
"592","100020581","place"
"593","xmd-s001-000-010-602","story"
"594","[10602] Werwolf: Selbstverwandlung durch Zaubermittel","story"
"595","Reimen hebben se anhatt<br>
in ‘ne Schuen in’n Tappenlock<br>
wenn se denn<br>
wat willen,<br>
halen se sik den<br>
Reim her un maken sik<br>
to‘n Hund oder Wulf.<br>
Denn gung ‘t unter<br>
sünd ot in de Melkkoek kamen<br>
wo de Melk uppe ward<br>
(nebenan is ne Kamer)<br>
Dann hebben se sik<br>
satt fräten, oft ok<br>
verfräten<br>
Wun de Mätens morgens kamen sünd,<br>
sünd se rutwatscht<br>
Plikat (Ostpr? Minzow) Röbel 2.6.1934","content"
"596","Plikat","person male narrator"
"599","xmd-s001-000-010-664","story"
"600","[10664] Werwolf: Die reichliche Mahlzeit","story"
"601","Por (?) sagers sünt <br>
in holln. slapt middags <br>
hollaner mit fahlen <br>
hertoführen <br>
A <br>
remen an <br>
B frett den fahlen up <br>
nu möten wi wol <br>
„wedder be em sagen“ <br>
A <br>
„ik bün so bukt <br>
ik kun mi nich rogen oder bögen.“ <br>
B, du hest ja ok ‘n ganz f. fr. [fahlen freten] <br>
A, dat süsst mi ährer <br>
secht hebben <br>

Arbeiter Behnk W <br>
1898","content"
"602","Ein Paar Säger sind im Wald <br>
Schlafen mittags <br>
Holländer mit Fohlen kommt heran <br>
A [schnallt] den Riemen an, <br>
B frisst das Fohlen auf <br>
nun müssen wir wohl <br>
wieder was sägen <br>
A „Ich bin so voll“ <br>
Ich kann mich nicht regen oder biegen.“ <br>
B du hast ja auch das ganze Fohlen aufgefressen <br>
A das hättest du mir eher <br>
sagen sollen.","content"
"603","100002988","place"
"604","Waren","place"
"605","53.51434","place"
"606","12.68948","place"
"607","Behnk","person male narrator"
"610","xmd-s001-000-010-599","story"
"611","[10599] Werwolf: Selbstverwandlung durch Zaubermittel","story"
"612","Dei kinner hebben seggt, as Lüüd kamen sünd, dei Öllern wiern hen wulfen, sei hadden sick ‘n Reimen ümsnallt (mehr war nicht zu erfragen) (Hsl-Witwe V. in Belsch) Pegel-Belsch 1903","content"
"613","Die Kinder haben gesagt, als Leute kamen, sind die Eltern „wulfen“ gegangen, sie haben sich einen Riemen umgeschnallt. (mehr war nicht zu erfragen) (Hsl-Witwe V. in Belsch) Pegel-Belsch 1903","content"
"617","xmd-s001-000-001-505","story"
"618","[1505] Werwolf","story"
"619","Dör sünd ens twei bi’n meihen west un dorbi an hebben fohlen in de koppel gahn. Dunn is dor sön lütten hübschen fahlen twischen west, un dei ein seggt ümmer: Süh, dei lütt fohl müßt äwer gaud smecken, dor müggt ick woll’n stück von hebben. Dei anner seggt noch, wat hei ümmer von den fahlen to drähnen hadd. As sei naher middag maken, setten sei sick hen un eten. Dei ein seggt äwer, hei mag nich recht un leggt sick gliek hen to slopen. As dei anner eten hett, leggt hei sick ok beten dal, slöppt äwer nich, hei deiht äwer so, as wenn hei ok slöppt. Na’n lütt tied steiht dei irst wedder up un geiht na sin kiep un halt sick dor sön reimen rut un snallt sick den üm’n liw. Dunn is hei mit’n mal ‘n wulf un löppt nu achter den fohlen, ritt em dahl un vertehrt em binah ganz un gor. Dei anner liggt rein still, bet sin kolleg wedder kümmt. Dei snallt sick den reimen af un leggt sick wedder dal, un slöppt nu richtig in. Dunn steiht dei anner up, geiht na de kiep, halt den reimen ruter un snitt em den in drei endens. As sei nu naher wedder anfangen willen to meihen, seggt dei kolleg un höllt sick dat liw: „O, wat heff ick för lwweihdag.“ Ja, seggt dei anner, di sall dat liw woll weih dauhn, du hest jo ok binah ‘n ganz fahlen vertehrt. Dunn ward sin kolleg bös uns eggt: Du verfluchtes aaß, du hest mi woll beluert, denn will’ck di ok territen.“ un löppt na de kiep un will sick den reimen wedder ümsnallen. Dei is jo nu äwer in drei enden’s snäden un so hett hei em nicks anhebben künnt.","content"
"620","Da waren einst zwei beim Mähen während in der Nähe auf der Wiese Fohlen weideten. Da ist so ein kleines hübsches Fohlen dazwischen gewesen, und der eine sagt immer: Sieh, das kleine Fohlen muss aber gut schmecken, da würde ich gern ein Stück von haben. Der andere sagt noch, was du immer über das Fohlen erzählst. Als sie bald darauf Mittag machen, setzten sie sich hin und essen. Der eine sagt aber, er mag nicht so recht und legt sich gleich zum Schlafen hin. Als der andere gegessen hat, legt er sich auch ein wenig hin, schläft aber nicht. Er tut aber so, als würde er schlafen. Nach einer kurzen Zeit steht der Erste wieder auf und geht zu seinem Korb und holt seinen Riemen raus und schnallt sich den um den Leib. Da ist er auf einmal ein Wolf und läuft nun auf die Fohlen zu, reitet sie um und verzehrt es beinahe ganz und gar. Der andere liegt ganz still bis sein Kollege wiederkommt. Der schnallt sich den Riemen ab und legt sich wieder hin, und schläft nun so richtig ein. Daraufhin steht der andere auf, geht zu dem Korb, holt den Riemen raus und schneidet ihn in drei Teile. Als sie nun wieder mit dem Mähen anfangen wollen, sagt der Kollege und hält sich dabei den Bauch: „Oh, was hab ich für Leibschmerzen.“ „Ja“, sagt der Andere, „dir soll der Leib wohl auch weh tun, du hast ja auch beinahe ein ganzes Fohlen verzehrt.“ Da wurde sein Kollege böse und sagt: „Du verfluchtes Aas, du hast mich wohl ausspioniert, denn will ich dich auch zerreißen“, und läuft zum Korb und will sich den Riemen wieder umschnallen. Der war nun ja aber in drei Teile zerschnitten und so konnte er ihm nichts antun.","content"
"625","100003119","place"
"626","Woez","place"
"627","53.59042","place"
"628","11.08836","place"
"629","W. Sager","person male contributor"
"633","mähen","keyword"
"634","xmd-s001-000-010-672","story"
"635","[10672] Werwolf: Die reichliche Mahlzeit","story"
"636","Swager Ohrns hett mi secht <br>
(bi Matendörp be Gnoien) <br>
Bütz hett em vertellt: <br>
slapen oll <br>
wulf – En von de meihers – <br>
hen na de fahlenkoppel <br>
[?] ziht fahlen her (seiger) <br>
kummt frett‘t half up <br>
Gut wedder liggen <br>
As de frühstückstied nu is <br>
Nu wedder hooch <br>
„De tied is um.“ <br>
Da secht de ww <br>
ik bün so dick.“ <br>
Wenn du half fahlen up frettst <br>
sasst wol dick sin.“ <br>
– dor biddt he, sull`t <br>
nich herrn vertellen <br>
reimen hebben se kest un kleen <br>
snäden un <br>
in water smäten<br> 

Harwel Poppendorf <br>
24.12.1912","content"
"637","Schwager Ohrns hat mir gesagt, <br>
(bei Matendörp in der Nähe von Gnoien) <br>
Bütz hätte ihm erzählt <br>
Schlafen alle <br>
Wolf – einer von den Meyers – <br>
Ist zur Fohlenkoppel gelaufen, <br>
[?] zieht Fohlen her (säger [?]) <br>
Kommt, frisst halb auf, <br>
legt sich wieder hin. <br>
Als die Frühstückszeit kommt: <br>
Nun wieder hoch? <br>
Die Zeit ist um <br>
Da sagt der Werwolf <br>
„Ich bin so dick.“ <br>
Wenn du das halbe Fohlen auffrisst, <br>
wirst du wohl dick sein. <br>
Da fleht er, dass er es <br>
dem Herrn nicht erzählen soll.","content"
"638","Harwel","person male narrator"
"641","xmd-s001-000-010-690","story"
"642","[10690] Werwolf: Verwandlung in verschiedene Tiere","story"
"643","In einem Schloss war eine Stube, in der der Herr sein Geld hatte, musste er nachts immer eine Wache sein. Aber schließlich fand sich niemand mehr dazu, denn die Wachen waren morgens immer tot. Zuletzt setzte der Herr eine Belohnung aus, wenn jemand den Spuk beseitigte. Da sagte einer der Leute: „Dat will ik mi woll verdeinen.“ Er nahm eine lange Eisenstange und etwas zu essen und ging abends in das Zimmer. Um 12 Uhr ging die Tür auf und eine Anzahl Katzen erschienen, die sagten: „Wollen wir, so wollen wir.“ „jä, wat willt ji denn eigentlich?“ fragte der mann zurück. Keine Antwort erfolgte. Er warf ihnen Brot hin, es wurde nicht angerührt. Zuletzt wurde er zornig und prügelte mit der Eisenstange die katzen zur Tür hinaus. Dabei wurden mehrere verwundet, doch keine tödlich und sie kamen nicht wieder. Der Mann ging ins Zimmer zurück und nun blieb alles ruhig. Am anderen tag lagen mehrere Frauen des Dorfes im Bett, konnten nicht gehen noch stehen. Bei ihnen fand man Gürtel, durch deren Umlegen sie sich in Katzen verwandeln konnten. Die früheren Wächter waren wahrscheinlich so voll Angst gewesen, dass sie gestorben waren.","content"
"650","Tier, varia","keyword"
"651","Verwandlung in verschiedene Tiere","keyword"
"652","Transformation in several animals","keyword"
"653","xmd-s001-000-010-709","story"
"654","[10709] Werwolf: Verwandlung in verschiedene Tiere","story"
"655","Dat hett Lüd geeben<br>
De hebben sik <br>
Ton voss maken kunnt<br>

Koch Teevswoos 1933 <br>
(plura non narrat)","content"
"656","Koch","person male narrator"
"659","Häusler","person male narrator"
"660","xmd-s001-000-010-721","story"
"661","[10721] Werwolf: Angriff auf Fohlen","story"
"662","xmd-s001-000-001-912","story"
"663","[1912] De Werwulw tau Vietlübbe","story"
"664","De Werwulw tau Vietlübbe. <br>
In Vietlübbe bi Lübz sall eins en Bur lewt hebben, de bi Nachttiden van Lübz tau Hus kamen is. As he nu in de Vietlübber Dannen kümmt, will sin Pierd nich wider. Up eenmal springt n Wulw up dat Pierd tau und dat Pierd so dull as man jichtens kann. Aewer de Wulw kann noch düller un halt dat Pierd wedder in. As nu de Wulw dat Pierd an’n Hals springt, röpt de Bur: Irnst Jakobs, büst du dat? Lat mi doch to fräden, Irnst Jakobs, hürst du, Irnst Jakobs. Dreimal röpt de Bur dit sinen Nawer tau, dunn seggt de Nawer, hei möchte em doch nich verraden. Dat hett he nich dan, denn he wüsst nu, dat dat sin Nawer west is.<br>
Nach Aussage des früheren Schulzen Schlottmann zu Benzin bei Lübz.<br>
Richard Brauer, Heiligendamm, Altersheim<br>
~ 1930","content"
"665","In Vietlübbe bei Lübz soll einst ein Bauer gelebt haben, der nachts aus Richtung Lübz zurückkam. Als er an die Vietlübber Tannen kommt, will sein Pferd nicht weiter[gehen]. Auf einmal springt ein Wolf das Pferd an und das Pferd [tritt] so stark aus, wie es nur irgend geht. Aber der Wolf versucht es noch stärker und holt das Pferd wieder ein. Als der Wolf dem Pferd nun an den Hals springt, ruft der Bauer: Irnst Jacocs, bist du das? Lass mich doch zufrieden, Irnst Jakobs, hörst du, Irnst Jakobs. Drei Mal ruft der Bauer dies seinem Nachbarn zu, dann sagt der Nachbar, er solle ihn doch nicht verraten. Das tat er nicht, denn er wusste nun, dass das sein Nachbar war.<br>

Nach Aussage des früheren Schulzen  Schlottmann zu Benzin bei Lübz. <br>
Richard Brauer, Heiligendamm, Altersheim<br>
~ 1930","content"
"669","xmd-s001-000-010-688","story"
"670","[10688] Werwolf fällt einen Menschen an","story"
"671","Bauer angefallen <br>
laat mi doch in <br>
Raut …, Nawer <br>
da Nachb. vor ik <br>
Neukl. Sammelheft Staaks S. 13 <br>
1925 … Neukloster","content"
"672","Dr. Gerhard Staak","person male contributor"
"675","Studienrat","person male contributor"
"676","xmd-s001-000-010-694","story"
"677","[10694] Werwolf: Bräutigam","story"
"678","Fru Glamann vertellte: ehr vadder<br>
hett in Parkow deent as knecht<br>
hett sik oll bengel anfunnen as knecht,<br>
dee verstät de kunst…<br>
snallt sik‘ reem üm…<br>
ward to wulf (up (?))<br>
berückt Glamann un snüfft bi em<br>
rundüm<br>
frett fahlen von enn to enn´up<br>
legt ok (?) bi em hen…<br>
hett nich upstahn müggt…<br>
de bengel hett sik nahst ne<br>
brut anschafft (?) to dee<br>
hett he eens secht<br>
di willk noch mal eens upäten<br>
de dirn ahnt sik jo nicks legs…<br>
wut hett gott to dohn?<br>
in een nacht geit he hen na de kamer<br>
un frett de diern von enn to enn´up<br>
dat möt doch Zauberie wäst sin,<br>
wo kann süss so wat vor kamen.<br>

Arb. Giese Zepplin 28.05.11","content"
"679","Frau Glamann erzählte: ihr Vater<br>
hat in Parkow gedient als Knecht<br>
Hat sich alter Bengel angefunden als Knecht,<br>
der versteht die Kunst…<br>
Schnallt sich Riemen um…<br>
Wird zum Wolf ((?))<br>
bedrängt Glamann und schnüffelt bei ihm rundum<br>
Frisst Fohlen von Ende zu Ende auf<br>
legt auch (?) bei ihm hin.<br>
Mochte nicht aufstehen…<br>
Der Bengel hat sich später eine <br>
Braut angeschafft (?), zu ihr<br>
hat er einmal gesagt:<br>
dich werd ich noch einmal aufessen<br>
Das Mädchen ahnt nichts Böses.<br>
Was hat Gott zu tun?<br>
In einer Nacht geht er in die Kammer<br>
und frisst das Mädchen von Ende zu Ende auf<br>
Das muss doch Zauberei gewesen sein,<br>
wie kann sonst sowas vorkommen. <br>

Arb. Giese Zepplin 28.05.11","content"
"680","100003198","place"
"681","Zepelin","place"
"682","53.83433","place"
"683","12.04529","place"
"684","Giese","person male narrator"
"687","Nachtwächter","person male narrator"
"688","Bräutigam","keyword"
"689","Groom","keyword"
"690","xmd-s001-000-010-691","story"
"691","[10691] Verwandlung in Werwolf","story"
"692","Dee Welt vergeht nicht in für<br>
Dei Welt vergeht gornicht. Blos dor woll<br>
Manchmal ein Krankheit, wobi vörl<br>
Lürr dot bliwen. ….. vermehren sik<br>
Nocht äwerht wedder. Einmal wier einen<br>
Handwerksburschen, die wull sich dee<br>
Welt ………… donn kümmt<br>
hei dörch einen Holt hinen wier ein <br>
Jäger. Dee wüll 10 Mil von sick<br>
Ein fleig von´t Blatt scheiten. Donn<br>
Seggt dee Handwerksbursch hei<br>
Süll mit em kamen. Dan sitt am<br>
Weg dee Weddermucker. Wenn <br>
hei sien Haut äwer dee Uhrn<br>
trecken det, denn wür datt düll<br>
regen. Wenn hei sein Haut afnehmen<br>
dett, denn würr dee Sünn<br>
schienn, heng hei sick sin Mantel<br>
ümm den wörr dat kolt. Un<br>
güngen dies bei wieder. Donn<br>
träugens einen Mann, wenn hei<br>
sin Zaubermütz ubsetten dede,<br>
denn würden sei all in Wulf<br>
verwandelt. Dies drei güng na denn <br>
König sinen Hof henn un ver-<br>
Wandeln sien Lüdd all inn<br>
Wülf. Donn kömme dee König<br>
bie un bäut ein isen Husmaker (?)<br>
as ditt farrig wir, müssen dies<br>
3 rinn nah datt isen Hus.<br>
Un nu wür datt isen Hus anbött<br>
Datt datt Hus ganz heit wür. Un datt<br>
Hus wier all ganz gläunig. Donn seggt<br>
Dee Weddermücker ………  watt datt hier<br>
Heit, ick mött datt woll wedder beten<br>
Kollt maken un hei hengt sick sin Mantel<br>
Üm dann wutt datt kollt.<br>
Donn kümmt dee Jäger bie unn fangt<br>
ein Lied ann tau singen dee annern<br>
singen dann mit. Nu seggt dee<br>
König ………………………… un<br>
Bött bett na. Donn wür dee Zaube-<br>
Rer bös un verwandelt ehr all inn <br>
wehrwulf unn dee Jäger schütt datt<br>
Hus in Stücken. Donn hadd hei<br>
…………… dee Welt bröcht.","content"
"693","Wilhelm Jonas","person male contributor"
"697","xmd-s001-000-010-692","story"
"698","[10692] Werwolf fällt einen Menschen an","story"
"699","Minen grv. hett de<br>
worwulf territen wullt<br>
Se hebben pier hoddt, hebben sik dorbi<br>
vertürnt un slahn<br>
Min grv. haugt em en awwern.<br>
de ann as wulf up em los<br>
„Jehann Hinnerk,<br>
du olle wohrwulf“<br>
röppt he<br>
is w. as minsch wäst.<br>

Häusler Helmke Spornitz 29.01.1911","content"
"700","Meinen Großvater wollte<br>
der Werwolf zerreißen.<br>
Sie haben Pferde gehütet, haben sich dabei <br>
verstritten und geschlagen<br>
Mein Großvater haut ihm eine rüber.<br>
Der Andere ist als Wolf auf ihn los<br>
„Jehann Hinnerk,<br>
du alter Wehrwolf“<br>
ruft er,<br>
ist wieder ein Mensch gewesen.<br>

(?) Helmke Spornitz 29.01.1911","content"
"701","Helmke","person male narrator"
"704","xmd-s001-000-001-502","story"
"705","[1502] Werwolf","story"
"706","Werwolf: Wiern mal ne ganze Haur Arbeiters up’n Fell. Naht Eten wull’n sik ‘n beten utraugen un die meisten slepen in. Eine äwer nehm sik ‘n Gürtel un bünn sik den üm. Dun wir hei ‘n Wulf un fret ‘n Kalf up, as dor grad ‘ne Haur Käuh vörbi kämen. Nahsten nahm hei den Gürtel werre af. As sei werre bie die Arbeit wirn, säd hei: „Mi is so leg tau Maur“. „Ja, di sall woll slecht sin“, harr ‘n anne meint, dei blot tau’n Schin slapen harr, du hest jo ‘n ganz Kalf upfreten.“","content"
"707","Werwolf: Da waren mal eine ganze Gruppe Arbeiter auf dem Feld. Nach dem Essen wollen sie sich ein bisschen ausruhen und die meisten schlafen ein. Einer aber nimmt sich einen Gürtel und bindet sich den um. Da wird er zum Wolf und frisst ein Kalb auf, als gerade eine Gruppe Kühe vorbeikommt. Danach nimmt er den Gürtel wieder ab. Als sie wieder bei der Arbeit sind, sagt er: Mir ist so schlecht [im Magen oder zu Mute?] „Ja, dir soll wohl schlecht sein“ meinte ein anderer, der bloß so getan hatte als würde er schlafen, „du hast ja auch ein ganzes Kalb aufgefressen.“","content"
"708","100002754","place"
"709","Suckow","place"
"710","53.821","place"
"711","12.21225","place"
"712","Heinrich Schulz","person male scholar"
"716","Arbeiter","keyword"
"717","Kalb","keyword"
"718","Gürtel","keyword"
"719","xmd-s001-000-010-657","story"
"720","[10657] Werwolf: Selbstverwandlung durch Zaubermittel","story"
"721","Zwei Knechte haben zusammen gemäht, <br>
haben zusammen Frühstück gegessen.  <br>
Der Großknecht legt sich zum Schlafen hin. <br>
Ist [ja] eine Wiese <br>
Hat ein Glas gehabt, <br>
hat sich damit eingesalbt <br>
Die Salbe ist nun gänzlich von ihm ab, <br>
wieder Mensch <br>
schlecht zu Mute <br>
Fohlen <br>
das hättest du eher sagen sollen.","content"
"722","Twe knecht heb tosam <br>
meihgt <br>
hebben frühstück äten <br>
De Grotknecht leggt sih to slapen<br> 
Is ne koppel <br>
het n‘ glas hatt <br>
het sik damit insalwt <br>
de salbung is nu all <br>
von em af <br>
wedder minsch <br>
slicht to mod <br>
fahlen <br>
dat süsst ihrer seggt hebben. <br>
Frau Klänh., Bartelshagen 1895","content"
"726","xmd-s001-000-010-665","story"
"727","[10665] Werwolf: Die reichliche Mahlzeit","story"
"728","Por hollführers <br>
friher tid (?) <br>
so secht dat gerücht <br>
de een hett poor slichte pier hatt <br>
de anner goden <br>
(de hett ‘n dragend pierd hatt) <br>
dat faalt <br>
(nachts hebben se weidt up frömd‘ Lüd‘) <br>
worwulf territt <br>
dat föllen <br>
(beneidt dat) <br>
snallt sih reem um<br> 
de (B sieht dat) <br>
wöhlig un wabbelig ‘n liw <br>
(?) wi hebben doch nix äten <br>
(hett sih nich in w maken) <br>
as se <br>
an dörp: di sall wol war sein (jöcht wi) <br>
– Du entsamte schelm <br>
dat haddst ihrer seggen süllt<br>","content"
"729","100021292","place"
"730","Stargard","place"
"731","Meyer","person male narrator"
"735","xmd-s001-000-001-501","story"
"736","[1501] Werwolf","story"
"737","Einem Bauern kamen öfter Füllen weg. Eine Nacht blieb der Kleinknecht auf, um acht zu geben, wohin die Füllen gerieten. Er sah, daß der Großknecht sich einen Riemen umschnallte, darauf zum Wolf wurde und als solcher wieder ein Füllen verzehrte. Seine Beobachtung teilte der dem Bauern, mit, der zunächst nichts drüber verlauten ließ. Als der Knecht morgens zum Kaffeetrinken in die Stube kam, reckte und streckte er sich u. that, als schmecke es ihm noch nicht recht. Da sagte der Kleinknecht: na, is de falen noch nich rott’t?","content"
"741","verrotten","keyword"
"742","xmd-s001-000-001-509","story"
"743","[1509] Werwolf","story"
"744","Vom Wärwolf. Ein Mann fuhr mit seiner Frau auf einem Wagen aus. Als sie in einem Walde an der Schale gelegen kamen, sagte der Mann zur Frau, sie sollte einen Augenblick die Pferde festhalten. Er müsse mal absteigen. Das geschah. Kaum war er aber im Gebüsch verschwunden, so kam aus dem Walde ein Wärwolf, sprang zu der Frau auf den Wagen und zerriß ihr die Kleidung in Fitzen und Fetzen, so auch das Unterzeug, und anderem auch ihren roten Fransen Unterrock. Darauf verschwand er. Bald darauf kam ihr Mann aus dem Walde. Sie schalt. Du bist auch solange fortgeblieben, währenddessen ist ein Wolf zu mir auf den Wagen gesprungen und hat mir all mein Zeug zerrissen. Dabei sah sie voll Zorn ihren Mann an. Und wurde voll Schreck gewahr, daß er noch Fetzen von ihrem roten Unterrock zwischen den Zähnen hatte.","content"
"749","Wald","keyword"
"750","Fetzen","keyword"
"751","Unterrock","keyword"
"752","zerreißen","keyword"
"753","Fransen","keyword"
"754","xmd-s001-000-010-682","story"
"755","[10682] Der angeschossene Werwolf","story"
"756","Ego werwulf? <br>
ss. Von worwulf heff ik hürt <br>
To Laps is … (?) wulf kamen. <br>
En w. kihrt bi kröger in de smäd an<br> 
– larm up – kol – <br>
Dor seggen se, is de w. wol mank <br>
de höhner <br>
Se nähmen forken un de een steckt <br>
den wulf grad owart og. <br>
Dor is dat dat oll schultenwief. <br>
de kraft hett in den <br>
reim insäten. <br>
Tagel. Micheels – Awe <br>
1907","content"
"757","100000076","place"
"758","Ave","place"
"759","53.51267","place"
"760","13.01921","place"
"761","Micheels","person male narrator"
"764","Tagelöhner","person male narrator"
"765","xmd-s001-000-010-703","story"
"766","[10703] Werwolf: Verwandlung in einen Hund","story"
"767","Scheper in Dargelütz<br>
hett sik to ‘n hund maken künnt:<br>
dann is he annerwägs henwäst<br>
un hett schap rowt<br>
(oder is dat wulf wäst)<br>
nachts is he ümmer kamen<br>
Is handwarksburss, den ward dat <br>
vertellt, dee secht<br>
ik will dat utfünnig maken…<br>
roopt mi.<br>
dor kümt eens de scheper jung an<br>
nu is he wedder dor.<br>
Dor hett de hdwb. sik n witt hemd antreckt<br>
un dor´n rod´ krüz upmalt <br>
un hett ‘n grot rod‘ in de hand.<br> 
As he kümmt hett Wulf (Hund sic narrat) schap fat’t <br>
un geiht äben weg. <br>
He (Hadwb. Handwerksbursch) geiht ran un sleiht em mit de rod‘.<br>
So pietscht he em hen na Dargelütz. <br>
Dor is’n handwiser, dor richt’t de hund sik up an den <br>
handwiser: wenn he sik upricht’t is’t ‘n scheper, <br>
wenn he daal kümmt, is he ‘n hund. <br>
(ego cru nicht eher ins Haus!) he hett nich zeigen wullt, dat je dat wier) <br>
toletzt is he na sien huus rinkrapen <br>
annern morgen is je doot wäst.<br>

Frederich parchim 13.02.1921","content"
"771","xmd-s001-000-010-666","story"
"772","[10666] Werwolf: Die reichliche Mahlzeit","story"
"773","In Kuhs sall dat wäst hebbn <br>
Een hett sik – <br>
Wulf verwandeln kunnt <br>
Den ‘n he feindlich wäst is <br>
hett he de <br>
Stark terraten <br>
(se hebben Wulfsreimen <br>
hett) <br>

Oppermann (Weitendorfe) gü 27.6.1937","content"
"774","In Kuhs soll das gewesen sein. <br>
Einer konnte sich in einen Wolf verwandeln. <br>
Dem er feindlich gesonnen war, <br>
dem hat das tragende Rind zerrissen. <br>
(Sie hatten einen Wolfriemen) <br>

Oppermann (Weitendorfe) gü 27.6.1937","content"
"775","100001060","place"
"776","Güstrow","place"
"777","53.79322","place"
"778","12.17642","place"
"779","100003029","place"
"780","Weitendorf","place"
"781","53.89989","place"
"782","12.27557","place"
"783","Oppermann","person male narrator"
"786","Hofgänger","person male narrator"
"787","100020726","place"
"788","xmd-s001-000-010-699","story"
"789","[10699] Benutzung des Wolfriemens durch Kinder","story"
"790","Sembzin scheperfru<br>
drög schap (vom anner hürden) na hus<br>
sähn snallt em den…<br>
bitt de eigen? schap dod<br>
is nich wedder kamen","content"
"796","xmd-s001-000-010-718","story"
"797","[10718] Abbitte beim Werwolf leisten","story"
"798","Ubi non vult dicere<br>
Worwulf<br>
de grootknecht is bi ´t hachel sieden<br>
de luttknecht hett anseggen must (zur Dorf (?))<br>
dor sitt de worwulf wedder uppe muer. He vertellt den gk (grootknecht)<br>
Ik heff mi mit een afräten (?) – geprügelt<br>
De grotknecht secht: hollst din muul,<br>
ik will slapen, vertellt morgen noch eins<br>
de lüttknecht öwer vertellt dat wider<br>
dor ward de lüttknecht ward krank<br>
dot gahn em de hoor ut`n kopp<br>
he hett bi <br>
den wohrwulf (den´n hett he blautwundt hatt) <br>
afbitt dohn mösst<br>
(dat is buer wäst)<br>
Dor is he wedder gesund worden<br>

Möller pöhrau 9.8.1911","content"
"799","Ubi non vult dicere<br>
Werwolf<br>
der Großknecht ist beim Grannen trennen<br>
der Kleinknecht musste ansagen(?)<br>
da sitzt der Werwolf wieder auf der Mauer.<br>
Er erzählt das dem Großknecht<br>
Ich habe mich einem angelegt(?) geprügelt<br>
Der Großknecht sagt: Halt dein Maul,<br>
ich will schlafen, erzähle morgen noch mal.<br>
Der Kleinknecht aber erzählt das wieder. <br>
Da wurde der Kleinknecht krank<br>
da fallen ihm die Haare vom Kopf.<br>
Er musste dann beim Werwolf abbitte leisten (hatte ihm eine Blutwunde zugefügt)<br>
(Das ist der Bauer gewesen)<br>
Da ist er wieder gesund geworden.<br>

Möller pöhrau 9.8.1911","content"
"800","xmd-s001-000-010-683","story"
"801","[10683] Der angeschossene Werwolf","story"
"802","in Lütten Krams hett sik een minsch <br>
as wulf zeigt <br>
uppe jagd is he ümmer mank wäst, <br>
awer se hebben en nich krigen kunnt. <br>
Eens is de Jager ok hinner em, he is toletzt<br> 
in ‘n buerhus rinlopen, <br>
se gahn em na na ‘t huss rin, awer se <br>
koenen nix finnen. <br>
Toletzt sehn se dat, dor<br> 
kickt swanz ut ‘n bedd rut <br>
de fru hett sik ‘n wulffell <br>
owerströpt hett. <br>
Fy Göhlen, 10.8.1911","content"
"803","In Klein Krams hat sich einst ein Mensch <br>
als Wolf gezeigt <br>
Er ist immer bei der Jagd dabei gewesen, <br>
aber sie konnte ihn nicht schnappen. <br>
Einmal war der Jäger wieder hinter ihm her. Zuletzt ist er <br>
in ein Bauernhaus hineingelaufen. <br>
Sie gehen ihm hinter her, aber sie können nichts finden. <br>
Zuletzt sehen sie [aber], dass da ein Schwanz aus dem Bett<br> herausschaut. <br>
Die Frau hatte sich ein Wolffell übergezogen. <br>
Fy Göhlen, 10.8.1911","content"
"804","100000821","place"
"805","Göhlen","place"
"806","53.30653","place"
"807","11.36755","place"
"808","xmd-s001-000-001-506","story"
"809","[1506] Werwolf","story"
"810","Vom Werwolf. Ein Mann besaß einen Riemen, und wenn er sich denselben umschnallte, so konnte er sich in einen Wolf verwandeln. Eine Nachbarin besuchte einst das Haus dieses Mannes und sah diesen Riemen an der Wand hängen. Als sie die Tochter fragte, was das für ein Ding sei, erwiderte diese: das sollst du mal sehen, du mußt aber zuvor auf den Heuboden steigen und die Leiter dir nachziehen, Die Frau that also, Wie nun das Mädchen den Riemen sich umgelegt hatte, tobte sie auch eine Zeit lang als Wolf im Hause umher. Zuletzt legte sie den Riemen wieder ab, und die Verwandlung hörte damit auch auf. Der Mann nahm den Riemen aber öfter in der Kiepe mit auf die Arbeit. Einmal, während der Mittagszeit, als er glaubte, sein Mitarbeiter sei eingeschlafen, umgürtete er sich wieder mit dem Riemen und suchte sich ein Füllen in der nahegelegenen Koppel und verzehrte dieses. Dann legte er sich schlafen. Sein Genosse aber, der alles mitangesehen, nahm heimlich den Gürtel aus der Kiepe und versteckte ihn. Wie nun der andere erwachte, klagte er über Leibesbeschwerden, worauf der erste erwiderte, daß solches kein Wunder sei, da er ja ein ganzes Füllen vorhin verzehrt habe. Darüber geriet dieser in Zorn und Wut, griff nach seiner Kiepe und wollte seinen Riemen sich umlegen und den Mann zerreißen. Wie er aber bemerkte, daß der Riemen fort war, mußte er sich ergeben und eingestehen.","content"
"818","Nachbarin","keyword"
"819","xmd-s001-000-010-696","story"
"820","[10696] Werwolf: Abwehr durch Nammensnennung","story"
"821","eenmal sünt jung lüd<br>
in Hus up´n Fest wäst<br>
dor hebben se to em seggt ob he<br>
sik to n Wulf maken künn<br>
ihrst hett he nich wullt,<br>
toletzt hett he seggt<br>
se süllen so setten gahn<br>
dat se keenen Foot uppe<br>
Ierd tredden<br>
(He hett dor ne Bruut mank hatt)<br>
dor maakt he sik to´n Wulf.<br>
Wat sein Braut wäst is<br>
dee hett donn ropen:<br>
Johann bäst du dat sülben?<br>
dor hett he dörch´t Finster arbeit´t<br>
un hett sik nich wedder seihn laten,<br>
hett nich wedderkamen<br>
He hett alle Lüd vörher<br>
seggt, se süllen keen Wuurt seggen<br>
un rein still swigen.<br>
Oewer sein Bruut hett<br>
dat nich oewerbringen künnt<br>
(He hett noch seggt:<br>
Wenn he ehr würklich<br>
berüken ded,<br>
süllen se still hollen<br>
dohn ded he ehr nicks<br>

Hänsler Pankow Tewswoos 01.09.1933","content"
"822","Einmal sind junge Leute<br>
im Haus auf einem Fest gewesen<br>
Da haben sie zum ihm gesagt ob er<br>
sich zu einem Wolf machen könne<br>
Zuerst wollte er nicht,<br>
zuletzt sagte er<br>
sie sollen sich so hinsetzen<br>
dass sie mit keinem Fuß auf die<br>
Erde treten<br>
(Er hatte eine Braut zwischen ihnen)<br>
Da macht er sich zum Wolf.<br>
Seine Braut hat dann gerufen:<br>
Johann bist du das selbst?<br>
Da hat er sich durch das Fenster gesprungen<br>
und hat sich nicht wiedersehen gelassen,<br>
ist nicht wiedergekommen<br>
Er hat allen Leuten vorhergesagt,<br>
sie sollen kein Wort sagen<br>
und bloß still schweigen.<br>
Aber seine Braut hat<br>
das nicht über sich bringen können<br>
(Er hat noch gesagt:<br>
Wenn er sie wirklich <br>
bedrängen würde,<br>
soll sie stillhalten<br>
antun würde er ihr nichts <br>

Hänsler Pankow Tewswoos 01.09.1933","content"
"826","Abwehr","keyword"
"827","Dämone, Namen","keyword"
"828","Abwehr durch Namensnennung","keyword"
"829","Defense through naming","keyword"
"830","xmd-s001-000-001-515","story"
"831","[1515] Werwolf","story"
"832","Twei  hebben bi’n Pastor döscht  und hebben Mirrag makt. Naher willen ‘s slapen, Dei einer slöpt binah in, äwer dunn süht hei, wo dei anne einen Gürtel nimmt un as heiden ümbünn‘ hett, war hei’n Wulf, geht nah den Stall räwer un fret ein Kalw up. Dunn nimmt hei den Gürtel af u. ward werre ’n Minsch. Bit Döschen segt hei: „Wo is mi slecht“. Dei anner meint, em wir ganz gaud. As sei abens nah Hus gahn, segt dei, wecke vörher Wulf west wir: „Mi is so slecht tau Maur“ „Ja, die sall woll slecht wesen, Du hest jo den Preister ’n ganz Kalf upfreten“ had dei anner segt, dunn wir hei äwer ok all in de Dör west. Din Glück, dat du dat nich ihre segt hest, süs had‘ di ok so gahn.“ Säd dei anne dunn.","content"
"833","Zwei haben beim Pastor gedroschen und haben Mittag gemacht. Als nächstes wollten sie schlafen. Der eine schläft beinahe ein, aber dann sieht er, wie der Andere einen Gürtel nimmt und als er den umgebunden hatte, zum Wolf wurde. [Dieser] geht zum Stall rüber und frisst ein Kalb auf. Dann nimmt er den Gürtel ab und wird wieder zum Menschen. Beim Dreschen sagt er: „Wie ist mir schlecht.“ Der andere meint, ihm ginge es gut. Als sie abends nach Hause gehen, sagt der, der vorher zum Wolf wurde: „Mir ist so schlecht zu Mute.“ „Ja, dir soll wohl schlecht sein, du hast ja auch dem Priester ein ganzes Kalb weggefressen“, sagte der Andere, als sie aber auch schon im Dorf waren. „Dein Glück, dass du das nicht eher gesagt hast, sonst wäre es dir auch so ergangen“, sagte der Andere daraufhin.","content"
"834","xmd-s001-000-010-675","story"
"835","[10675] Der Werwolf als Viehdieb","story"
"836","min oll grv. ’n Mölln <br>
vertellt <br>
wohrwülf <br>
Lüd <br>
hebben mit ossen hakt <br>
preester hett´n kalf in´d <br>
koppel to gahn <br>
En <br>
wo is mi slichts <br>
secht he to mien grvadder <br>
De <br>
wo de pr. ok in liw <br>
hest. <br>
sleit em dat he  <br>
blött <br>
dor hebben se em den <br>
reimen afnahmen <br>
dordörch is de kunst afkamen. <br>

Brüggmann Penzlin 1907","content"
"837","Mein alter Großvater in Mölln erzählte, <br>
Werwölfe <br>
Leute haben mit Ochsen gegraben <br>
Priester hatte ein Kalb auf der Wiese. <br>
Einer <br>
wie ist mir schlecht <br>
sagt zu meinem Großvater. <br>
Ja <br>
wenn du einen Ochsen im Leib hast. <br>
Schlägt ihn, sodass er blutet. <br>
Dabei haben sie ihm den Riemen abgenommen, <br>
sodass die Zauberkunst verging. <br>

Brüggmann Penzlin 1907","content"
"838","Brüggmann","person male narrator"
"841","100001872","place"
"842","Mölln","place"
"843","53.59017","place"
"844","13.08586","place"
"845","xmd-s001-000-001-500","story"
"846","[1500] Werwolf","story"
"847","In frühere Tiden würden jo nachts de pierd un fahlen hödd. Dunn legen ok eins twei knechts buten bi de pierd un slöpen toletzt beid in. So henne twölwen hürte de ein knecht wat gegen sich snüffeln. Dorbi wakte hei up un seg dat, wo dei anner upstünn, sick einen sadel äwersmet un sick mit’n mal tau’n wulf makte. Hei let sick äwer nicks marken un ded, as wenn hei noch slöp. Nu seg hei, wie dei anner weglöp un ein von dei fahlen terret un gaz un gor upfret. As hei dat verteht hadd, köm hei weddern semt den sadel wedder af un läd sick wedder gegen em dal. Hei blifft äwer ümmer ganz still. As sei den annern morgen bi ehr morgenbrod sitten, seggt dei anner: Wat is mi einmal leg! Ja, seggt dunn de irst, di sall woll leg sin, du hest jo äwer nacht ‘n ganz fahlen vertehrt. As dei anner dat hürte, wir hei mit’n mal verswunnen.","content"
"848","In früheren Zeiten wurden nachts die Pferde und Fohlen gehütet. Dann liegen auch ein, zwei Knechte draußen bei den Pferden und beide schlafen zuletzt ein. So gegen Zwölf hört der eine Knecht, wie etwas an ihm schnüffelt. Dabei wacht er auf und sieht, dass der andere aufgestanden war, sich einen Sattel übergelegt und sich in einen Wolf verwandelt hatte. Er lässt sich aber nichts anmerken und tut so, als würde er noch schlafen. Nun sieht er, wie der andere wegläuft und eines der Fohlen zerreißt und ganz und gar auffrisst. Als er es verzehrt hat, kommt er wieder, nimmt den Sattel wieder ab und legt sich wieder gegenüber von ihm hin. Er bleibt aber immer ganz still. Als sie am nächsten Morgen beim Frühstück sitzen, sagt der eine: Was ist mir auf einmal schlecht! Ja, sagt da der erste, dir soll wohl schlecht sein, du hast ja über Nacht ein ganzes Fohlen verzehrt. Als der Andere das hörte, war er auf einmal verschwunden.","content"
"852","Bremer","person male narrator"
"855","Zimmermann","person male narrator"
"856","Pferd","keyword"
"857","Sattel","keyword"
"858","xmd-s001-000-010-601","story"
"859","[10601] Werwolf: Selbstverwandlung durch Zaubermittel","story"
"860","Hebben sik mit reemens <br>
Ton wulf un bor <br>
makt <br>
blos de lüd bang makt <br>
Wegner, nkl 23.12.1915","content"
"861","Haben sich mit einem Riemen <br>
zum Wolf und zum Bär gemacht <br>
[Haben] bloß die Leute erschreckt <br>
Wegner, nkl 23.12.1915","content"
"862","Kristian Wegner","person male narrator"
"865","Schäfer","person male narrator"
"866","100003234","place"
"867","Zurow","place"
"868","53.86349","place"
"869","11.61334","place"
"870","xmd-s001-000-010-702","story"
"871","[10702] Werwolf: Verwandlung in einen Hund","story"
"872","Eine Bauersfrau hatte einen Wehrwolfsgürtel. Sie verkleidete sich in einen schwarzen Hund. Dieser Hund tobte im Flachs umher. Wenn die Knechte und Mägde nach Hause gingen war er im Flachs. Ein Knecht sagte: soll ich ihn mal werfen. Da sagten die (kne) anderen, er solle es nicht tun. An einem Tage warf er doch zu. Er traf den Hund genau an der Nase. Als er in der Küche kam, blutete die Nase der Frau. tüchtig. Wenn er nicht getroffen hätte, wäre er in der Gewald der Frau.<br>

Werner Uuhls<br>
Rost: Wulfshagen 26.01.1939","content"
"873","100003138","place"
"874","Wolfshagen","place"
"875","53.44087","place"
"876","13.65532","place"
"877","Werner Auhls","person male narrator"
"880","xmd-s001-000-001-499","story"
"881","[1499] Werwolf","story"
"882","Twe Buern riden na Lübeck hebben kurn verköfft an de geldkatt up’t pierd snallt bi Brandenbom kamen se dörch ellernbrok, willen na hus. Dor secht de en: ik möt mal ens ‘n geschäft maken holl min pierd so lang‘. Durt nich lang, dor kümmt’n wulf an de anner verfiert sik so, röppt oewer den‘ sin namen. Dor steit de as minsch dor (hett’n riem hatt) dat is sien colleg‘ wäst (hätt em berauben wullt) hett em so väl bäden, verrad‘ mi nich.","content"
"883","Zwei Bauern reiten nach Lübeck, haben Korn verkauft, die Geldkatze [Anmerkung: eine Art Geldbeutel] auf das Pferd geschnallt. Bei Brandenbaum [Anmerkung: Stadtteil von Lübeck] kommen sie durch einen Erlenbruch, wollen nach Hause. „Da sagt der eine: Ich muss mal mein Geschäft machen gehen, halt mal mein Pferd so lange.“ Es dauert nicht lange, da kommt ein Wolf an. Der Andere erschreckt sich, ruft aber den Namen des Anderen. Da steht der als Mensch da. (hatte einen Riemen) Das ist sein Kollege gewesen (Der wollte ihn ausrauben). Er hat ihn so viel gebeten, dass er ihn nicht verrät.","content"
"884","Eggerts","person male narrator"
"887","100001557","place"
"888","Kröpelin","place"
"889","54.071","place"
"890","11.79528","place"
"891","Wolf","keyword"
"892","rauben","keyword"
